PC	Delta	Trait
PC1	-0.00150050265253618	13748_4_CCL8_MCP_2
PC2	-0.00838550850130708	13748_4_CCL8_MCP_2
PC3	0.00137140681677488	13748_4_CCL8_MCP_2
PC4	-0.0149328248900142	13748_4_CCL8_MCP_2
PC5	0.0225667751650931	13748_4_CCL8_MCP_2
PC6	-0.00143807704317647	13748_4_CCL8_MCP_2
PC7	0.0164383413222326	13748_4_CCL8_MCP_2
PC8	-0.00190197266709307	13748_4_CCL8_MCP_2
PC9	0.00305033111363221	13748_4_CCL8_MCP_2
PC10	-0.00242651164080223	13748_4_CCL8_MCP_2
PC11	0.00275071243600123	13748_4_CCL8_MCP_2
PC12	-0.00219430966203983	13748_4_CCL8_MCP_2
PC13	0.00123789281196895	13748_4_CCL8_MCP_2
PC14	0.0014380656252753	13748_4_CCL8_MCP_2
PC15	-0.000153623298238182	13748_4_CCL8_MCP_2
PC16	-0.00379551244300671	13748_4_CCL8_MCP_2
PC17	0.004062062114156	13748_4_CCL8_MCP_2
PC18	-0.000118323660199065	13748_4_CCL8_MCP_2
PC19	-0.00189316241401402	13748_4_CCL8_MCP_2
PC20	-0.00121944041100215	13748_4_CCL8_MCP_2
PC21	-0.0027183980170605	13748_4_CCL8_MCP_2
PC22	0.000943694551264443	13748_4_CCL8_MCP_2
PC23	-0.000230898353556092	13748_4_CCL8_MCP_2
PC24	0.00310111052760866	13748_4_CCL8_MCP_2
PC25	-0.00433728511553987	13748_4_CCL8_MCP_2
PC26	0.00675474992391783	13748_4_CCL8_MCP_2
PC27	-0.00216517201999406	13748_4_CCL8_MCP_2
PC28	7.4805853478311e-05	13748_4_CCL8_MCP_2
PC29	-0.000154617627867471	13748_4_CCL8_MCP_2
PC30	-0.000346507522582154	13748_4_CCL8_MCP_2
PC31	0.000364502268962299	13748_4_CCL8_MCP_2
PC32	-0.000999444567792151	13748_4_CCL8_MCP_2
PC33	-0.00234501922551517	13748_4_CCL8_MCP_2
PC34	0.000230398081438052	13748_4_CCL8_MCP_2
PC35	0.00113770595094298	13748_4_CCL8_MCP_2
PC36	0.000335636647967288	13748_4_CCL8_MCP_2
PC37	0.000805814421822329	13748_4_CCL8_MCP_2
PC38	-0.000464690263795778	13748_4_CCL8_MCP_2
PC39	0.000570128779994962	13748_4_CCL8_MCP_2
PC40	0.000154657222709275	13748_4_CCL8_MCP_2
PC41	4.22555056792356e-16	13748_4_CCL8_MCP_2
PC1	-0.0017540419117818	15617_8_XCL2_lymphotactin_beta
PC2	-0.00232789050099685	15617_8_XCL2_lymphotactin_beta
PC3	-0.00272530425337597	15617_8_XCL2_lymphotactin_beta
PC4	-0.00441131316183026	15617_8_XCL2_lymphotactin_beta
PC5	0.00475497472076954	15617_8_XCL2_lymphotactin_beta
PC6	0.00316222274195784	15617_8_XCL2_lymphotactin_beta
PC7	-0.00506445353517373	15617_8_XCL2_lymphotactin_beta
PC8	-0.000920552607835601	15617_8_XCL2_lymphotactin_beta
PC9	0.00190180624399362	15617_8_XCL2_lymphotactin_beta
PC10	-5.43019492688199e-06	15617_8_XCL2_lymphotactin_beta
PC11	-0.00175435806047126	15617_8_XCL2_lymphotactin_beta
PC12	-0.000913174410627071	15617_8_XCL2_lymphotactin_beta
PC13	-0.00107820174615366	15617_8_XCL2_lymphotactin_beta
PC14	0.00102927833073426	15617_8_XCL2_lymphotactin_beta
PC15	0.0010705879113298	15617_8_XCL2_lymphotactin_beta
PC16	-0.00394220438669943	15617_8_XCL2_lymphotactin_beta
PC17	-0.000290984831891658	15617_8_XCL2_lymphotactin_beta
PC18	0.000903754793745191	15617_8_XCL2_lymphotactin_beta
PC19	-0.000548902777287247	15617_8_XCL2_lymphotactin_beta
PC20	-0.000561464296889844	15617_8_XCL2_lymphotactin_beta
PC21	-0.0032138181117127	15617_8_XCL2_lymphotactin_beta
PC22	0.00138193412258764	15617_8_XCL2_lymphotactin_beta
PC23	0.00324126859792253	15617_8_XCL2_lymphotactin_beta
PC24	0.00493348622461814	15617_8_XCL2_lymphotactin_beta
PC25	-0.00329005505195887	15617_8_XCL2_lymphotactin_beta
PC26	0.00328318314964141	15617_8_XCL2_lymphotactin_beta
PC27	-0.00358232710712356	15617_8_XCL2_lymphotactin_beta
PC28	0.00143861307724281	15617_8_XCL2_lymphotactin_beta
PC29	-0.00176180271886253	15617_8_XCL2_lymphotactin_beta
PC30	-0.00278700142066185	15617_8_XCL2_lymphotactin_beta
PC31	0.0039843958812999	15617_8_XCL2_lymphotactin_beta
PC32	-0.00142283142382016	15617_8_XCL2_lymphotactin_beta
PC33	-0.00124573952385012	15617_8_XCL2_lymphotactin_beta
PC34	0.00294307877495689	15617_8_XCL2_lymphotactin_beta
PC35	0.0012295909706896	15617_8_XCL2_lymphotactin_beta
PC36	-0.00120419112925827	15617_8_XCL2_lymphotactin_beta
PC37	-0.000120122375987532	15617_8_XCL2_lymphotactin_beta
PC38	-0.000696276624839185	15617_8_XCL2_lymphotactin_beta
PC39	0.000226911903511973	15617_8_XCL2_lymphotactin_beta
PC40	0.000530064049659615	15617_8_XCL2_lymphotactin_beta
PC41	6.21245372671623e-17	15617_8_XCL2_lymphotactin_beta
PC1	0.00645759937568448	18289_16_CCL15_MIP_5
PC2	-0.0222310092905384	18289_16_CCL15_MIP_5
PC3	0.0196036848226375	18289_16_CCL15_MIP_5
PC4	-0.0123500948683017	18289_16_CCL15_MIP_5
PC5	-0.0142693768973312	18289_16_CCL15_MIP_5
PC6	0.00230925721208163	18289_16_CCL15_MIP_5
PC7	-0.00353051686053884	18289_16_CCL15_MIP_5
PC8	-0.00160116687426224	18289_16_CCL15_MIP_5
PC9	0.000522376423734122	18289_16_CCL15_MIP_5
PC10	-0.00155556371877286	18289_16_CCL15_MIP_5
PC11	0.00462550735348509	18289_16_CCL15_MIP_5
PC12	0.00188463785731446	18289_16_CCL15_MIP_5
PC13	-0.00098757616161115	18289_16_CCL15_MIP_5
PC14	-0.00420548706797099	18289_16_CCL15_MIP_5
PC15	0.00254625741815996	18289_16_CCL15_MIP_5
PC16	0.00140019588207929	18289_16_CCL15_MIP_5
PC17	0.00402066683437984	18289_16_CCL15_MIP_5
PC18	0.00194232843083806	18289_16_CCL15_MIP_5
PC19	-0.00442333885991521	18289_16_CCL15_MIP_5
PC20	-0.00331527927731313	18289_16_CCL15_MIP_5
PC21	-0.00361992885791723	18289_16_CCL15_MIP_5
PC22	-0.000320759892573098	18289_16_CCL15_MIP_5
PC23	-0.00015848726071889	18289_16_CCL15_MIP_5
PC24	0.00727821515081601	18289_16_CCL15_MIP_5
PC25	-0.00345808336300432	18289_16_CCL15_MIP_5
PC26	0.00463627005819349	18289_16_CCL15_MIP_5
PC27	-0.00239968172714059	18289_16_CCL15_MIP_5
PC28	-0.000527338741848184	18289_16_CCL15_MIP_5
PC29	-0.0016458059474043	18289_16_CCL15_MIP_5
PC30	-0.000489316434929796	18289_16_CCL15_MIP_5
PC31	0.000451417267665876	18289_16_CCL15_MIP_5
PC32	-0.000709011118364774	18289_16_CCL15_MIP_5
PC33	-0.000825345989499053	18289_16_CCL15_MIP_5
PC34	9.48636308013596e-05	18289_16_CCL15_MIP_5
PC35	0.000800457346752423	18289_16_CCL15_MIP_5
PC36	3.77992539618409e-05	18289_16_CCL15_MIP_5
PC37	0.000848145648209217	18289_16_CCL15_MIP_5
PC38	-0.000800321201121482	18289_16_CCL15_MIP_5
PC39	0.000341012357573541	18289_16_CCL15_MIP_5
PC40	0.000250952462075267	18289_16_CCL15_MIP_5
PC41	-2.27590830974062e-15	18289_16_CCL15_MIP_5
PC1	-0.000502555380962325	2516_57_CCL21_6Ckine
PC2	0.00152054955172392	2516_57_CCL21_6Ckine
PC3	-0.000877759385371169	2516_57_CCL21_6Ckine
PC4	-0.00134287702308177	2516_57_CCL21_6Ckine
PC5	-0.00221450641013722	2516_57_CCL21_6Ckine
PC6	0.0118215727124621	2516_57_CCL21_6Ckine
PC7	0.000538742660762196	2516_57_CCL21_6Ckine
PC8	-0.0132119375681447	2516_57_CCL21_6Ckine
PC9	0.0184576587131006	2516_57_CCL21_6Ckine
PC10	0.0147099633972512	2516_57_CCL21_6Ckine
PC11	0.00108379954070362	2516_57_CCL21_6Ckine
PC12	0.00092779050326485	2516_57_CCL21_6Ckine
PC13	-0.00285843886038673	2516_57_CCL21_6Ckine
PC14	0.00722590709662632	2516_57_CCL21_6Ckine
PC15	-0.00174999826327687	2516_57_CCL21_6Ckine
PC16	-0.00450943556434565	2516_57_CCL21_6Ckine
PC17	0.000395750134770422	2516_57_CCL21_6Ckine
PC18	-0.000232531966830882	2516_57_CCL21_6Ckine
PC19	-0.000386638868141923	2516_57_CCL21_6Ckine
PC20	0.000309848030532255	2516_57_CCL21_6Ckine
PC21	-0.00366684660183075	2516_57_CCL21_6Ckine
PC22	-0.00024266047469338	2516_57_CCL21_6Ckine
PC23	-0.000595008575963714	2516_57_CCL21_6Ckine
PC24	0.00561380146156523	2516_57_CCL21_6Ckine
PC25	-0.00372925214738815	2516_57_CCL21_6Ckine
PC26	0.00422983133643162	2516_57_CCL21_6Ckine
PC27	-0.00247961387504139	2516_57_CCL21_6Ckine
PC28	-0.000553652042769866	2516_57_CCL21_6Ckine
PC29	-0.00143725781481659	2516_57_CCL21_6Ckine
PC30	-0.00030357564731861	2516_57_CCL21_6Ckine
PC31	0.000259782310445318	2516_57_CCL21_6Ckine
PC32	-0.000847619640950642	2516_57_CCL21_6Ckine
PC33	-0.00085261268975667	2516_57_CCL21_6Ckine
PC34	0.000149133316929058	2516_57_CCL21_6Ckine
PC35	0.000754313592336926	2516_57_CCL21_6Ckine
PC36	0.000103924845132839	2516_57_CCL21_6Ckine
PC37	0.000827300664471792	2516_57_CCL21_6Ckine
PC38	-0.000592411495295389	2516_57_CCL21_6Ckine
PC39	0.000351842310263257	2516_57_CCL21_6Ckine
PC40	7.15378535755994e-05	2516_57_CCL21_6Ckine
PC41	8.26986638491728e-17	2516_57_CCL21_6Ckine
PC1	-0.000955621464909298	2697_7_PF4_PF_4
PC2	-0.0025431011738797	2697_7_PF4_PF_4
PC3	-0.00284452703716419	2697_7_PF4_PF_4
PC4	-0.00557258856476534	2697_7_PF4_PF_4
PC5	0.00657436265762778	2697_7_PF4_PF_4
PC6	-0.00189118696502332	2697_7_PF4_PF_4
PC7	-0.0079953617093121	2697_7_PF4_PF_4
PC8	-0.000169031985724564	2697_7_PF4_PF_4
PC9	0.00150485819252537	2697_7_PF4_PF_4
PC10	-0.00181543517266989	2697_7_PF4_PF_4
PC11	-0.000856125392337725	2697_7_PF4_PF_4
PC12	0.000773628883014869	2697_7_PF4_PF_4
PC13	-0.00113013219515795	2697_7_PF4_PF_4
PC14	0.00323110276432029	2697_7_PF4_PF_4
PC15	-0.000477569922337799	2697_7_PF4_PF_4
PC16	-0.00732048591723666	2697_7_PF4_PF_4
PC17	-0.000669927771730032	2697_7_PF4_PF_4
PC18	0.00579567950384134	2697_7_PF4_PF_4
PC19	0.0010208861275711	2697_7_PF4_PF_4
PC20	-0.00182761494980929	2697_7_PF4_PF_4
PC21	-0.00343107154783895	2697_7_PF4_PF_4
PC22	-0.0032822176040786	2697_7_PF4_PF_4
PC23	0.000217118206854459	2697_7_PF4_PF_4
PC24	0.00594333485894195	2697_7_PF4_PF_4
PC25	-0.00342870843116128	2697_7_PF4_PF_4
PC26	0.00341500662611925	2697_7_PF4_PF_4
PC27	-0.000387604218936063	2697_7_PF4_PF_4
PC28	0.000496128583221472	2697_7_PF4_PF_4
PC29	-0.00125831982404528	2697_7_PF4_PF_4
PC30	-0.00188444756732759	2697_7_PF4_PF_4
PC31	-0.000742452560636866	2697_7_PF4_PF_4
PC32	-0.00154764807653047	2697_7_PF4_PF_4
PC33	-0.000238301468684676	2697_7_PF4_PF_4
PC34	-0.000554387132354997	2697_7_PF4_PF_4
PC35	0.00380893315759821	2697_7_PF4_PF_4
PC36	0.000871522431882612	2697_7_PF4_PF_4
PC37	-4.33662757063764e-05	2697_7_PF4_PF_4
PC38	-0.00149961670554741	2697_7_PF4_PF_4
PC39	0.00025625673512935	2697_7_PF4_PF_4
PC40	-0.000423048132539783	2697_7_PF4_PF_4
PC41	1.70656398051619e-16	2697_7_PF4_PF_4
PC1	0.0648511283640381	2705_5_CCL25_TECK
PC2	-0.000256049041230137	2705_5_CCL25_TECK
PC3	-0.00692832351073383	2705_5_CCL25_TECK
PC4	-0.00325410084894493	2705_5_CCL25_TECK
PC5	0.00699028325548095	2705_5_CCL25_TECK
PC6	0.00092699369941609	2705_5_CCL25_TECK
PC7	-0.00397132765949991	2705_5_CCL25_TECK
PC8	-0.000461557273234989	2705_5_CCL25_TECK
PC9	0.00331101202739831	2705_5_CCL25_TECK
PC10	-0.000846456308487042	2705_5_CCL25_TECK
PC11	-0.00278942163496263	2705_5_CCL25_TECK
PC12	0.000257690981802875	2705_5_CCL25_TECK
PC13	0.00120760446438835	2705_5_CCL25_TECK
PC14	0.00169454921592148	2705_5_CCL25_TECK
PC15	0.00126846576733855	2705_5_CCL25_TECK
PC16	-0.00422364970779956	2705_5_CCL25_TECK
PC17	-2.0445956725248e-05	2705_5_CCL25_TECK
PC18	-0.000880997255227349	2705_5_CCL25_TECK
PC19	-0.00123880996383523	2705_5_CCL25_TECK
PC20	-0.00114722479758328	2705_5_CCL25_TECK
PC21	-0.00223579957299842	2705_5_CCL25_TECK
PC22	0.000263224505113754	2705_5_CCL25_TECK
PC23	-0.000330087671554816	2705_5_CCL25_TECK
PC24	0.00564220150211371	2705_5_CCL25_TECK
PC25	-0.00376364853267212	2705_5_CCL25_TECK
PC26	0.00401953478240023	2705_5_CCL25_TECK
PC27	-0.00241648745962057	2705_5_CCL25_TECK
PC28	-0.000354559382116751	2705_5_CCL25_TECK
PC29	-0.00147792204952406	2705_5_CCL25_TECK
PC30	-0.000453915084790706	2705_5_CCL25_TECK
PC31	0.000503232964721898	2705_5_CCL25_TECK
PC32	-0.000794770964923366	2705_5_CCL25_TECK
PC33	-0.000857066506948406	2705_5_CCL25_TECK
PC34	0.000303124891314081	2705_5_CCL25_TECK
PC35	0.000836862601154912	2705_5_CCL25_TECK
PC36	-6.01446864805002e-05	2705_5_CCL25_TECK
PC37	0.000806409768545917	2705_5_CCL25_TECK
PC38	-0.000456051842651831	2705_5_CCL25_TECK
PC39	0.000414115047809855	2705_5_CCL25_TECK
PC40	4.67434509575381e-05	2705_5_CCL25_TECK
PC41	-5.55115092624342e-16	2705_5_CCL25_TECK
PC1	-0.000404745833189596	2774_10_IL16_IL_16
PC2	0.00137940356487371	2774_10_IL16_IL_16
PC3	0.00219477229585486	2774_10_IL16_IL_16
PC4	3.21116967374954e-05	2774_10_IL16_IL_16
PC5	-0.00180952958422937	2774_10_IL16_IL_16
PC6	0.00937740972905947	2774_10_IL16_IL_16
PC7	0.00470995244692449	2774_10_IL16_IL_16
PC8	0.0269847157670503	2774_10_IL16_IL_16
PC9	0.00844438926546003	2774_10_IL16_IL_16
PC10	0.00282362772375648	2774_10_IL16_IL_16
PC11	-0.00379432959258732	2774_10_IL16_IL_16
PC12	-0.000514694251512879	2774_10_IL16_IL_16
PC13	0.000231047715298746	2774_10_IL16_IL_16
PC14	0.00365486667346512	2774_10_IL16_IL_16
PC15	0.00209382207956012	2774_10_IL16_IL_16
PC16	-0.00572988945425439	2774_10_IL16_IL_16
PC17	0.00112553111478218	2774_10_IL16_IL_16
PC18	1.30918300941496e-05	2774_10_IL16_IL_16
PC19	-0.000172413772094144	2774_10_IL16_IL_16
PC20	-0.00105099860372187	2774_10_IL16_IL_16
PC21	-0.00292507998162929	2774_10_IL16_IL_16
PC22	-0.000271053596133933	2774_10_IL16_IL_16
PC23	-0.000607763919281191	2774_10_IL16_IL_16
PC24	0.00616470720101836	2774_10_IL16_IL_16
PC25	-0.00395832815147302	2774_10_IL16_IL_16
PC26	0.00416337857949077	2774_10_IL16_IL_16
PC27	-0.00252883909538862	2774_10_IL16_IL_16
PC28	-0.000489611528151992	2774_10_IL16_IL_16
PC29	-0.00121160590827609	2774_10_IL16_IL_16
PC30	-0.000426084256586771	2774_10_IL16_IL_16
PC31	0.000546863580071258	2774_10_IL16_IL_16
PC32	-0.000885275031807611	2774_10_IL16_IL_16
PC33	-0.000792731502699758	2774_10_IL16_IL_16
PC34	0.000264869198505698	2774_10_IL16_IL_16
PC35	0.000839745676139896	2774_10_IL16_IL_16
PC36	1.8633666395368e-05	2774_10_IL16_IL_16
PC37	0.000806355620016424	2774_10_IL16_IL_16
PC38	-0.000495519018950202	2774_10_IL16_IL_16
PC39	0.000385900046256862	2774_10_IL16_IL_16
PC40	4.52252195589796e-05	2774_10_IL16_IL_16
PC41	-5.2452117332283e-16	2774_10_IL16_IL_16
PC1	-0.00189506596798811	2827_23_CX3CL1_Fractalkine_CX3CL_1
PC2	0.000777925999120592	2827_23_CX3CL1_Fractalkine_CX3CL_1
PC3	-0.000570184242074792	2827_23_CX3CL1_Fractalkine_CX3CL_1
PC4	-0.00182259513706006	2827_23_CX3CL1_Fractalkine_CX3CL_1
PC5	0.00185590042198049	2827_23_CX3CL1_Fractalkine_CX3CL_1
PC6	-0.00256015849007172	2827_23_CX3CL1_Fractalkine_CX3CL_1
PC7	-0.00281083693250128	2827_23_CX3CL1_Fractalkine_CX3CL_1
PC8	-0.00200668834010523	2827_23_CX3CL1_Fractalkine_CX3CL_1
PC9	0.00514159455933551	2827_23_CX3CL1_Fractalkine_CX3CL_1
PC10	-0.00583399279389381	2827_23_CX3CL1_Fractalkine_CX3CL_1
PC11	-0.00677940849523934	2827_23_CX3CL1_Fractalkine_CX3CL_1
PC12	-0.00305782908364548	2827_23_CX3CL1_Fractalkine_CX3CL_1
PC13	-0.000369608944523383	2827_23_CX3CL1_Fractalkine_CX3CL_1
PC14	0.00446464196252184	2827_23_CX3CL1_Fractalkine_CX3CL_1
PC15	0.00380459757865946	2827_23_CX3CL1_Fractalkine_CX3CL_1
PC16	-0.00150480528505874	2827_23_CX3CL1_Fractalkine_CX3CL_1
PC17	0.000755057911382555	2827_23_CX3CL1_Fractalkine_CX3CL_1
PC18	-0.0058844150149801	2827_23_CX3CL1_Fractalkine_CX3CL_1
PC19	-0.00471760464870698	2827_23_CX3CL1_Fractalkine_CX3CL_1
PC20	-0.00115281357514675	2827_23_CX3CL1_Fractalkine_CX3CL_1
PC21	-0.00644276565645762	2827_23_CX3CL1_Fractalkine_CX3CL_1
PC22	-0.000543095904741812	2827_23_CX3CL1_Fractalkine_CX3CL_1
PC23	-0.00269958422039204	2827_23_CX3CL1_Fractalkine_CX3CL_1
PC24	0.00428746520214669	2827_23_CX3CL1_Fractalkine_CX3CL_1
PC25	-0.00335549615420668	2827_23_CX3CL1_Fractalkine_CX3CL_1
PC26	0.00158650094842606	2827_23_CX3CL1_Fractalkine_CX3CL_1
PC27	-0.00340547141742185	2827_23_CX3CL1_Fractalkine_CX3CL_1
PC28	-0.00105998685681599	2827_23_CX3CL1_Fractalkine_CX3CL_1
PC29	-0.000660182720764304	2827_23_CX3CL1_Fractalkine_CX3CL_1
PC30	-0.000435111412745009	2827_23_CX3CL1_Fractalkine_CX3CL_1
PC31	-0.000127226560598462	2827_23_CX3CL1_Fractalkine_CX3CL_1
PC32	-0.00204934588979588	2827_23_CX3CL1_Fractalkine_CX3CL_1
PC33	-0.00153193978166384	2827_23_CX3CL1_Fractalkine_CX3CL_1
PC34	0.000276737830010233	2827_23_CX3CL1_Fractalkine_CX3CL_1
PC35	0.00241765337069856	2827_23_CX3CL1_Fractalkine_CX3CL_1
PC36	-0.00123920274833631	2827_23_CX3CL1_Fractalkine_CX3CL_1
PC37	0.00243388171385895	2827_23_CX3CL1_Fractalkine_CX3CL_1
PC38	-0.000973136878207997	2827_23_CX3CL1_Fractalkine_CX3CL_1
PC39	-0.000543299830464528	2827_23_CX3CL1_Fractalkine_CX3CL_1
PC40	0.00066333726239586	2827_23_CX3CL1_Fractalkine_CX3CL_1
PC41	1.45567448965155e-16	2827_23_CX3CL1_Fractalkine_CX3CL_1
PC1	-0.00217576524901195	2900_53_CCL14_HCC_1
PC2	0.0119391568573427	2900_53_CCL14_HCC_1
PC3	-0.00720675723336722	2900_53_CCL14_HCC_1
PC4	-0.0165987438555238	2900_53_CCL14_HCC_1
PC5	-0.0074527482519049	2900_53_CCL14_HCC_1
PC6	0.00634681667775225	2900_53_CCL14_HCC_1
PC7	-0.0020057051927585	2900_53_CCL14_HCC_1
PC8	-0.00332876151545119	2900_53_CCL14_HCC_1
PC9	-0.000503773769832665	2900_53_CCL14_HCC_1
PC10	-0.00560498504801134	2900_53_CCL14_HCC_1
PC11	0.005787736864403	2900_53_CCL14_HCC_1
PC12	0.00748726858968593	2900_53_CCL14_HCC_1
PC13	0.0100792534670086	2900_53_CCL14_HCC_1
PC14	0.00212174884335981	2900_53_CCL14_HCC_1
PC15	0.00524608399196252	2900_53_CCL14_HCC_1
PC16	-0.0104908897267848	2900_53_CCL14_HCC_1
PC17	0.00198797962006019	2900_53_CCL14_HCC_1
PC18	-0.00357782525814235	2900_53_CCL14_HCC_1
PC19	0.000468137223859115	2900_53_CCL14_HCC_1
PC20	0.000462467203166738	2900_53_CCL14_HCC_1
PC21	-0.00336428507955761	2900_53_CCL14_HCC_1
PC22	-0.000458776957741786	2900_53_CCL14_HCC_1
PC23	-0.00101370050872023	2900_53_CCL14_HCC_1
PC24	0.00536002126965001	2900_53_CCL14_HCC_1
PC25	-0.00343814154211486	2900_53_CCL14_HCC_1
PC26	0.00427587374676537	2900_53_CCL14_HCC_1
PC27	-0.00238316148579978	2900_53_CCL14_HCC_1
PC28	-0.000249533809724067	2900_53_CCL14_HCC_1
PC29	-0.00133506051083816	2900_53_CCL14_HCC_1
PC30	-0.000733517410259687	2900_53_CCL14_HCC_1
PC31	0.00043347811964295	2900_53_CCL14_HCC_1
PC32	-0.000982984967646697	2900_53_CCL14_HCC_1
PC33	-0.000895288155581	2900_53_CCL14_HCC_1
PC34	0.000425585006503457	2900_53_CCL14_HCC_1
PC35	0.00115723710842116	2900_53_CCL14_HCC_1
PC36	-0.000580953482418743	2900_53_CCL14_HCC_1
PC37	0.000867558736477757	2900_53_CCL14_HCC_1
PC38	0.000463534550407597	2900_53_CCL14_HCC_1
PC39	0.000606631235147235	2900_53_CCL14_HCC_1
PC40	-0.000552249945544526	2900_53_CCL14_HCC_1
PC41	1.03431942769601e-16	2900_53_CCL14_HCC_1
PC1	-0.00138881537677327	2913_1_CCL23_MPIF_1
PC2	0.00263132738626806	2913_1_CCL23_MPIF_1
PC3	-0.00387755005372399	2913_1_CCL23_MPIF_1
PC4	0.00874786854659845	2913_1_CCL23_MPIF_1
PC5	0.00862692046076461	2913_1_CCL23_MPIF_1
PC6	0.00410520172711564	2913_1_CCL23_MPIF_1
PC7	-0.00275803604277581	2913_1_CCL23_MPIF_1
PC8	5.92707169690582e-05	2913_1_CCL23_MPIF_1
PC9	0.00248337376605917	2913_1_CCL23_MPIF_1
PC10	-0.00135159980646281	2913_1_CCL23_MPIF_1
PC11	-0.000370875473184706	2913_1_CCL23_MPIF_1
PC12	0.00177328928433012	2913_1_CCL23_MPIF_1
PC13	0.00374154020396529	2913_1_CCL23_MPIF_1
PC14	0.00294728425416894	2913_1_CCL23_MPIF_1
PC15	-0.00289918764643069	2913_1_CCL23_MPIF_1
PC16	0.0051441833056244	2913_1_CCL23_MPIF_1
PC17	-0.000974847518657274	2913_1_CCL23_MPIF_1
PC18	0.00324142699840327	2913_1_CCL23_MPIF_1
PC19	-0.00594229625862229	2913_1_CCL23_MPIF_1
PC20	-0.00361054626043983	2913_1_CCL23_MPIF_1
PC21	-0.00325725668245613	2913_1_CCL23_MPIF_1
PC22	-0.000347959538720182	2913_1_CCL23_MPIF_1
PC23	0.000490139641677931	2913_1_CCL23_MPIF_1
PC24	0.00656754031051738	2913_1_CCL23_MPIF_1
PC25	-0.00368520233212928	2913_1_CCL23_MPIF_1
PC26	0.00523808149976332	2913_1_CCL23_MPIF_1
PC27	-0.0025225482627925	2913_1_CCL23_MPIF_1
PC28	-0.000283352496782777	2913_1_CCL23_MPIF_1
PC29	-0.00158384735957781	2913_1_CCL23_MPIF_1
PC30	-0.00106755144488051	2913_1_CCL23_MPIF_1
PC31	-0.000298112824911118	2913_1_CCL23_MPIF_1
PC32	-0.00129917611100077	2913_1_CCL23_MPIF_1
PC33	-0.00059754813412282	2913_1_CCL23_MPIF_1
PC34	0.000519954613098626	2913_1_CCL23_MPIF_1
PC35	0.00166209534001871	2913_1_CCL23_MPIF_1
PC36	-0.00111485200930193	2913_1_CCL23_MPIF_1
PC37	0.00101170741494547	2913_1_CCL23_MPIF_1
PC38	0.0014873264843102	2913_1_CCL23_MPIF_1
PC39	0.000771512164610719	2913_1_CCL23_MPIF_1
PC40	-0.00102554474628833	2913_1_CCL23_MPIF_1
PC41	-2.20169189306386e-16	2913_1_CCL23_MPIF_1
PC1	-0.00196966958032375	2979_8_CXCL5_ENA_78
PC2	-0.000257040694334223	2979_8_CXCL5_ENA_78
PC3	-0.00134066232693676	2979_8_CXCL5_ENA_78
PC4	-0.00431010346317485	2979_8_CXCL5_ENA_78
PC5	0.00482227663634166	2979_8_CXCL5_ENA_78
PC6	-0.00204728261751342	2979_8_CXCL5_ENA_78
PC7	-0.00642008852351893	2979_8_CXCL5_ENA_78
PC8	-0.00095266176911604	2979_8_CXCL5_ENA_78
PC9	0.00389826001654411	2979_8_CXCL5_ENA_78
PC10	-0.00237589217806315	2979_8_CXCL5_ENA_78
PC11	-0.00389780028558689	2979_8_CXCL5_ENA_78
PC12	-0.00158733591988408	2979_8_CXCL5_ENA_78
PC13	-0.00193828466191845	2979_8_CXCL5_ENA_78
PC14	0.00358609078959079	2979_8_CXCL5_ENA_78
PC15	0.00439354009699558	2979_8_CXCL5_ENA_78
PC16	-0.00322387993630743	2979_8_CXCL5_ENA_78
PC17	-0.000633358518639855	2979_8_CXCL5_ENA_78
PC18	-0.00167175726577416	2979_8_CXCL5_ENA_78
PC19	-0.00117356207750274	2979_8_CXCL5_ENA_78
PC20	-0.0020586686326751	2979_8_CXCL5_ENA_78
PC21	-0.00539178832409167	2979_8_CXCL5_ENA_78
PC22	-0.00281997511242316	2979_8_CXCL5_ENA_78
PC23	0.000330753486722101	2979_8_CXCL5_ENA_78
PC24	0.00472539839550122	2979_8_CXCL5_ENA_78
PC25	-0.00618329597792919	2979_8_CXCL5_ENA_78
PC26	0.00450235096528316	2979_8_CXCL5_ENA_78
PC27	-0.000989978196241632	2979_8_CXCL5_ENA_78
PC28	0.000327946765084569	2979_8_CXCL5_ENA_78
PC29	-0.00168937622748806	2979_8_CXCL5_ENA_78
PC30	-0.00259304468890634	2979_8_CXCL5_ENA_78
PC31	0.00165426796251574	2979_8_CXCL5_ENA_78
PC32	0.00335644948170555	2979_8_CXCL5_ENA_78
PC33	-0.000559220242926894	2979_8_CXCL5_ENA_78
PC34	-0.000764321973045185	2979_8_CXCL5_ENA_78
PC35	0.000595115270110939	2979_8_CXCL5_ENA_78
PC36	0.000480881607636306	2979_8_CXCL5_ENA_78
PC37	0.0016834849740024	2979_8_CXCL5_ENA_78
PC38	0.000359724410089276	2979_8_CXCL5_ENA_78
PC39	0.000811982053894373	2979_8_CXCL5_ENA_78
PC40	0.000463734205111401	2979_8_CXCL5_ENA_78
PC41	1.44490418400581e-16	2979_8_CXCL5_ENA_78
PC1	-0.000526443161990893	2985_35_CXCL1_Gro_a
PC2	-0.000699730159443099	2985_35_CXCL1_Gro_a
PC3	-0.00122436497172041	2985_35_CXCL1_Gro_a
PC4	-0.00500254159728445	2985_35_CXCL1_Gro_a
PC5	0.0059880447773438	2985_35_CXCL1_Gro_a
PC6	-0.0027538175262279	2985_35_CXCL1_Gro_a
PC7	-0.00915079013734354	2985_35_CXCL1_Gro_a
PC8	0.00173842503949809	2985_35_CXCL1_Gro_a
PC9	-0.00131023227800029	2985_35_CXCL1_Gro_a
PC10	0.00313289151302305	2985_35_CXCL1_Gro_a
PC11	0.00169658653713416	2985_35_CXCL1_Gro_a
PC12	-0.00623200298185559	2985_35_CXCL1_Gro_a
PC13	0.00173830754495556	2985_35_CXCL1_Gro_a
PC14	0.00374894506836874	2985_35_CXCL1_Gro_a
PC15	0.00220813005578861	2985_35_CXCL1_Gro_a
PC16	-0.00342765090684184	2985_35_CXCL1_Gro_a
PC17	0.00176430172429175	2985_35_CXCL1_Gro_a
PC18	0.00235646242915905	2985_35_CXCL1_Gro_a
PC19	-0.00695664558026252	2985_35_CXCL1_Gro_a
PC20	0.0124162467754082	2985_35_CXCL1_Gro_a
PC21	-0.00187151486475618	2985_35_CXCL1_Gro_a
PC22	0.0019599225919018	2985_35_CXCL1_Gro_a
PC23	-0.00137641163782239	2985_35_CXCL1_Gro_a
PC24	0.00672803064623632	2985_35_CXCL1_Gro_a
PC25	-0.00371148738925776	2985_35_CXCL1_Gro_a
PC26	0.00425606065253575	2985_35_CXCL1_Gro_a
PC27	-0.00219124905908856	2985_35_CXCL1_Gro_a
PC28	-0.000605469659491623	2985_35_CXCL1_Gro_a
PC29	-0.00164590815332854	2985_35_CXCL1_Gro_a
PC30	-0.000593292300502863	2985_35_CXCL1_Gro_a
PC31	0.000347132937243629	2985_35_CXCL1_Gro_a
PC32	-0.000498262207246432	2985_35_CXCL1_Gro_a
PC33	-0.000757078249892876	2985_35_CXCL1_Gro_a
PC34	0.000239264252581137	2985_35_CXCL1_Gro_a
PC35	0.000883605320753738	2985_35_CXCL1_Gro_a
PC36	0.000154469931880124	2985_35_CXCL1_Gro_a
PC37	0.000827786850771916	2985_35_CXCL1_Gro_a
PC38	-0.000384175021196599	2985_35_CXCL1_Gro_a
PC39	0.000474673193279371	2985_35_CXCL1_Gro_a
PC40	6.02941119176858e-05	2985_35_CXCL1_Gro_a
PC41	7.34944030570793e-17	2985_35_CXCL1_Gro_a
PC1	-0.00204631582835389	3028_36_CCL23_Ck_b_8_1
PC2	0.0149713786379783	3028_36_CCL23_Ck_b_8_1
PC3	-0.010765654079328	3028_36_CCL23_Ck_b_8_1
PC4	0.00321374232575791	3028_36_CCL23_Ck_b_8_1
PC5	0.00563868807567577	3028_36_CCL23_Ck_b_8_1
PC6	0.00492823120177018	3028_36_CCL23_Ck_b_8_1
PC7	-0.00070162300187955	3028_36_CCL23_Ck_b_8_1
PC8	-0.000421528225336897	3028_36_CCL23_Ck_b_8_1
PC9	0.000202655227391089	3028_36_CCL23_Ck_b_8_1
PC10	-0.00338254188829332	3028_36_CCL23_Ck_b_8_1
PC11	0.00368633991741282	3028_36_CCL23_Ck_b_8_1
PC12	0.00544941524598651	3028_36_CCL23_Ck_b_8_1
PC13	0.00843817020019593	3028_36_CCL23_Ck_b_8_1
PC14	0.00238775028380604	3028_36_CCL23_Ck_b_8_1
PC15	-0.000656772394129395	3028_36_CCL23_Ck_b_8_1
PC16	0.00288413813176041	3028_36_CCL23_Ck_b_8_1
PC17	-0.000654250187836088	3028_36_CCL23_Ck_b_8_1
PC18	0.00153152357077287	3028_36_CCL23_Ck_b_8_1
PC19	-0.00389678036885207	3028_36_CCL23_Ck_b_8_1
PC20	-0.00193197544229809	3028_36_CCL23_Ck_b_8_1
PC21	-0.0033301890655509	3028_36_CCL23_Ck_b_8_1
PC22	-0.00123904529833793	3028_36_CCL23_Ck_b_8_1
PC23	-0.000318493042524986	3028_36_CCL23_Ck_b_8_1
PC24	0.00659585563886836	3028_36_CCL23_Ck_b_8_1
PC25	-0.00407860237803358	3028_36_CCL23_Ck_b_8_1
PC26	0.00429780890422954	3028_36_CCL23_Ck_b_8_1
PC27	-0.00227855909638699	3028_36_CCL23_Ck_b_8_1
PC28	-0.000407551248784162	3028_36_CCL23_Ck_b_8_1
PC29	-0.00169687869396828	3028_36_CCL23_Ck_b_8_1
PC30	7.68161112416975e-05	3028_36_CCL23_Ck_b_8_1
PC31	0.00123430176760811	3028_36_CCL23_Ck_b_8_1
PC32	-0.000263803930383465	3028_36_CCL23_Ck_b_8_1
PC33	-0.000932628219347863	3028_36_CCL23_Ck_b_8_1
PC34	-3.46759648461344e-05	3028_36_CCL23_Ck_b_8_1
PC35	0.000200574279031689	3028_36_CCL23_Ck_b_8_1
PC36	0.000793261879878949	3028_36_CCL23_Ck_b_8_1
PC37	0.000631889270432103	3028_36_CCL23_Ck_b_8_1
PC38	-0.00243851769376103	3028_36_CCL23_Ck_b_8_1
PC39	0.000158590803455319	3028_36_CCL23_Ck_b_8_1
PC40	0.00114889392318294	3028_36_CCL23_Ck_b_8_1
PC41	3.89383727315848e-17	3028_36_CCL23_Ck_b_8_1
PC1	-0.00269900789954922	3038_9_CXCL11_I_TAC
PC2	-0.00103280406152688	3038_9_CXCL11_I_TAC
PC3	3.2854489194256e-05	3038_9_CXCL11_I_TAC
PC4	-0.0113135119966434	3038_9_CXCL11_I_TAC
PC5	0.0150185447528439	3038_9_CXCL11_I_TAC
PC6	-0.00172065986869826	3038_9_CXCL11_I_TAC
PC7	-0.0116463517147599	3038_9_CXCL11_I_TAC
PC8	0.00270866157783487	3038_9_CXCL11_I_TAC
PC9	0.00276870262897056	3038_9_CXCL11_I_TAC
PC10	0.00996249835056947	3038_9_CXCL11_I_TAC
PC11	-0.00255172868247966	3038_9_CXCL11_I_TAC
PC12	0.00687758385431182	3038_9_CXCL11_I_TAC
PC13	-0.000346203632445116	3038_9_CXCL11_I_TAC
PC14	-0.00550570021247843	3038_9_CXCL11_I_TAC
PC15	0.00886067406020932	3038_9_CXCL11_I_TAC
PC16	0.000703142324366858	3038_9_CXCL11_I_TAC
PC17	-0.00579837420920123	3038_9_CXCL11_I_TAC
PC18	-0.00322121535015485	3038_9_CXCL11_I_TAC
PC19	0.000652539924708705	3038_9_CXCL11_I_TAC
PC20	0.000349941605603456	3038_9_CXCL11_I_TAC
PC21	-0.00384786606953238	3038_9_CXCL11_I_TAC
PC22	-0.00292761538337002	3038_9_CXCL11_I_TAC
PC23	0.00026682586680767	3038_9_CXCL11_I_TAC
PC24	0.00453040668627177	3038_9_CXCL11_I_TAC
PC25	-0.00347515850462235	3038_9_CXCL11_I_TAC
PC26	0.00569552937083406	3038_9_CXCL11_I_TAC
PC27	-0.00398542993414197	3038_9_CXCL11_I_TAC
PC28	1.63893132362081e-05	3038_9_CXCL11_I_TAC
PC29	-0.00100352962734908	3038_9_CXCL11_I_TAC
PC30	0.000420487169222228	3038_9_CXCL11_I_TAC
PC31	-0.000467483794689488	3038_9_CXCL11_I_TAC
PC32	-0.00150539175608526	3038_9_CXCL11_I_TAC
PC33	-0.000620821087918313	3038_9_CXCL11_I_TAC
PC34	0.000461453053686223	3038_9_CXCL11_I_TAC
PC35	0.000716449904635618	3038_9_CXCL11_I_TAC
PC36	-0.000102629907094456	3038_9_CXCL11_I_TAC
PC37	0.000651453335660511	3038_9_CXCL11_I_TAC
PC38	-0.000553766145211093	3038_9_CXCL11_I_TAC
PC39	0.000449623263562688	3038_9_CXCL11_I_TAC
PC40	1.83622227887944e-05	3038_9_CXCL11_I_TAC
PC41	3.21228184859417e-16	3038_9_CXCL11_I_TAC
PC1	-0.00165733031911461	3040_59_CCL3_MIP_1a
PC2	-0.0100959611179162	3040_59_CCL3_MIP_1a
PC3	0.00161717899331342	3040_59_CCL3_MIP_1a
PC4	0.00962521084080116	3040_59_CCL3_MIP_1a
PC5	0.00896988040667368	3040_59_CCL3_MIP_1a
PC6	0.00152587693428586	3040_59_CCL3_MIP_1a
PC7	-0.0058863048827943	3040_59_CCL3_MIP_1a
PC8	-0.00184575757186425	3040_59_CCL3_MIP_1a
PC9	0.00315658481558622	3040_59_CCL3_MIP_1a
PC10	-0.00292745702631954	3040_59_CCL3_MIP_1a
PC11	0.000159277291143471	3040_59_CCL3_MIP_1a
PC12	0.00183272184905821	3040_59_CCL3_MIP_1a
PC13	0.00301023463351033	3040_59_CCL3_MIP_1a
PC14	0.00102700907581531	3040_59_CCL3_MIP_1a
PC15	0.00259865915331858	3040_59_CCL3_MIP_1a
PC16	-0.0068101826015165	3040_59_CCL3_MIP_1a
PC17	0.00108304641029326	3040_59_CCL3_MIP_1a
PC18	-0.00110366751076652	3040_59_CCL3_MIP_1a
PC19	4.92191514922136e-05	3040_59_CCL3_MIP_1a
PC20	-0.000776826178095722	3040_59_CCL3_MIP_1a
PC21	-0.00162883195821355	3040_59_CCL3_MIP_1a
PC22	0.000128396757553753	3040_59_CCL3_MIP_1a
PC23	0.00019972381008865	3040_59_CCL3_MIP_1a
PC24	0.00659436846911622	3040_59_CCL3_MIP_1a
PC25	-0.00480460238526965	3040_59_CCL3_MIP_1a
PC26	0.00464670394183611	3040_59_CCL3_MIP_1a
PC27	-0.00325035119466472	3040_59_CCL3_MIP_1a
PC28	-3.71183465537121e-05	3040_59_CCL3_MIP_1a
PC29	-0.00171245955390965	3040_59_CCL3_MIP_1a
PC30	-0.00066847375818586	3040_59_CCL3_MIP_1a
PC31	0.000845882008871789	3040_59_CCL3_MIP_1a
PC32	-0.00132822626779518	3040_59_CCL3_MIP_1a
PC33	-0.00121171874585872	3040_59_CCL3_MIP_1a
PC34	-0.000484028786941835	3040_59_CCL3_MIP_1a
PC35	0.000240644590487763	3040_59_CCL3_MIP_1a
PC36	0.0010124314896707	3040_59_CCL3_MIP_1a
PC37	0.000366732401170646	3040_59_CCL3_MIP_1a
PC38	0.00053570666460087	3040_59_CCL3_MIP_1a
PC39	-0.00241839113329196	3040_59_CCL3_MIP_1a
PC40	6.35499915425862e-05	3040_59_CCL3_MIP_1a
PC41	2.37813486990879e-16	3040_59_CCL3_MIP_1a
PC1	-0.000294117411697989	3044_3_CCL18_PARC
PC2	-0.0193475668015935	3044_3_CCL18_PARC
PC3	0.00604820327759564	3044_3_CCL18_PARC
PC4	0.0226840344570772	3044_3_CCL18_PARC
PC5	0.0122071876947617	3044_3_CCL18_PARC
PC6	0.00462393112937402	3044_3_CCL18_PARC
PC7	-0.00514152319533021	3044_3_CCL18_PARC
PC8	-0.0016677382178453	3044_3_CCL18_PARC
PC9	0.0010955140488766	3044_3_CCL18_PARC
PC10	-0.0019477634529386	3044_3_CCL18_PARC
PC11	0.00417503625443081	3044_3_CCL18_PARC
PC12	0.00386002491168649	3044_3_CCL18_PARC
PC13	0.00335056011126983	3044_3_CCL18_PARC
PC14	0.00118943810018379	3044_3_CCL18_PARC
PC15	0.00308218606710713	3044_3_CCL18_PARC
PC16	-0.00869865118378431	3044_3_CCL18_PARC
PC17	0.00170548796610045	3044_3_CCL18_PARC
PC18	-0.00399569646598098	3044_3_CCL18_PARC
PC19	-0.000217420497157372	3044_3_CCL18_PARC
PC20	0.000166489220856615	3044_3_CCL18_PARC
PC21	-0.00339199592936274	3044_3_CCL18_PARC
PC22	-0.0004785889563337	3044_3_CCL18_PARC
PC23	-0.0010611554856369	3044_3_CCL18_PARC
PC24	0.00517301018498501	3044_3_CCL18_PARC
PC25	-0.00343320180860974	3044_3_CCL18_PARC
PC26	0.00363462560669928	3044_3_CCL18_PARC
PC27	-0.00203119763888687	3044_3_CCL18_PARC
PC28	-0.000574815602677942	3044_3_CCL18_PARC
PC29	-0.00117955911652829	3044_3_CCL18_PARC
PC30	-0.000111317317423421	3044_3_CCL18_PARC
PC31	0.000489105109606526	3044_3_CCL18_PARC
PC32	-0.000488732232531162	3044_3_CCL18_PARC
PC33	-0.000485988202234518	3044_3_CCL18_PARC
PC34	0.000647408239129406	3044_3_CCL18_PARC
PC35	0.00104712723319462	3044_3_CCL18_PARC
PC36	-0.000611305308429927	3044_3_CCL18_PARC
PC37	0.00098452914488395	3044_3_CCL18_PARC
PC38	-0.00112775570096321	3044_3_CCL18_PARC
PC39	0.00185647500425471	3044_3_CCL18_PARC
PC40	8.91342273025515e-05	3044_3_CCL18_PARC
PC41	2.82702649030342e-16	3044_3_CCL18_PARC
PC1	-0.00127834493831949	3059_50_TNFSF13B_BAFF
PC2	3.45751590658575e-05	3059_50_TNFSF13B_BAFF
PC3	-0.000722405337536032	3059_50_TNFSF13B_BAFF
PC4	-0.00485069173404015	3059_50_TNFSF13B_BAFF
PC5	0.00494751285021038	3059_50_TNFSF13B_BAFF
PC6	0.00122970285489561	3059_50_TNFSF13B_BAFF
PC7	-0.0060973125744238	3059_50_TNFSF13B_BAFF
PC8	-0.00236530242132161	3059_50_TNFSF13B_BAFF
PC9	0.00442360046810899	3059_50_TNFSF13B_BAFF
PC10	-0.00124195146503944	3059_50_TNFSF13B_BAFF
PC11	-0.00432962179206697	3059_50_TNFSF13B_BAFF
PC12	0.000329805486911734	3059_50_TNFSF13B_BAFF
PC13	0.00112254929715455	3059_50_TNFSF13B_BAFF
PC14	0.000363277800370162	3059_50_TNFSF13B_BAFF
PC15	0.00153272688672585	3059_50_TNFSF13B_BAFF
PC16	-0.00316854635830072	3059_50_TNFSF13B_BAFF
PC17	0.000460102653525324	3059_50_TNFSF13B_BAFF
PC18	0.000261330677990343	3059_50_TNFSF13B_BAFF
PC19	-0.00106158961942371	3059_50_TNFSF13B_BAFF
PC20	-0.00189169851883586	3059_50_TNFSF13B_BAFF
PC21	-4.9645878963632e-06	3059_50_TNFSF13B_BAFF
PC22	0.00188190522388372	3059_50_TNFSF13B_BAFF
PC23	-0.00216547062472366	3059_50_TNFSF13B_BAFF
PC24	0.0085835837256351	3059_50_TNFSF13B_BAFF
PC25	-0.00665960734046795	3059_50_TNFSF13B_BAFF
PC26	0.00284512796166883	3059_50_TNFSF13B_BAFF
PC27	-0.00202112544115225	3059_50_TNFSF13B_BAFF
PC28	0.000981865369424303	3059_50_TNFSF13B_BAFF
PC29	0.00412438971114972	3059_50_TNFSF13B_BAFF
PC30	0.000905440729486948	3059_50_TNFSF13B_BAFF
PC31	0.00193483621627656	3059_50_TNFSF13B_BAFF
PC32	-0.000933190044587903	3059_50_TNFSF13B_BAFF
PC33	0.000108616715994627	3059_50_TNFSF13B_BAFF
PC34	-1.60506139066941e-06	3059_50_TNFSF13B_BAFF
PC35	0.00106369527331793	3059_50_TNFSF13B_BAFF
PC36	-0.000206046653689675	3059_50_TNFSF13B_BAFF
PC37	0.000440491386570753	3059_50_TNFSF13B_BAFF
PC38	-0.000251933632828979	3059_50_TNFSF13B_BAFF
PC39	0.000688672376516204	3059_50_TNFSF13B_BAFF
PC40	0.000129286329187333	3059_50_TNFSF13B_BAFF
PC41	-3.30553560860586e-20	3059_50_TNFSF13B_BAFF
PC1	-0.0036483560339816	3421_54_TNFSF8_CD30_Ligand
PC2	0.00107605534530205	3421_54_TNFSF8_CD30_Ligand
PC3	-0.0010011184703471	3421_54_TNFSF8_CD30_Ligand
PC4	-0.00387356357440051	3421_54_TNFSF8_CD30_Ligand
PC5	0.00581878303948389	3421_54_TNFSF8_CD30_Ligand
PC6	-0.000395916241449662	3421_54_TNFSF8_CD30_Ligand
PC7	-0.00617387813511771	3421_54_TNFSF8_CD30_Ligand
PC8	-0.00162312604021989	3421_54_TNFSF8_CD30_Ligand
PC9	0.00722372377450107	3421_54_TNFSF8_CD30_Ligand
PC10	-0.00285748781065876	3421_54_TNFSF8_CD30_Ligand
PC11	-0.0081777571956827	3421_54_TNFSF8_CD30_Ligand
PC12	-0.00211384990528062	3421_54_TNFSF8_CD30_Ligand
PC13	0.00170835708786241	3421_54_TNFSF8_CD30_Ligand
PC14	0.00164182155234622	3421_54_TNFSF8_CD30_Ligand
PC15	0.00330591007642168	3421_54_TNFSF8_CD30_Ligand
PC16	-0.00501207777414659	3421_54_TNFSF8_CD30_Ligand
PC17	0.00075750190900784	3421_54_TNFSF8_CD30_Ligand
PC18	-0.00478803933211153	3421_54_TNFSF8_CD30_Ligand
PC19	-0.00394992014783673	3421_54_TNFSF8_CD30_Ligand
PC20	-0.00314395292728368	3421_54_TNFSF8_CD30_Ligand
PC21	-0.00216815097447371	3421_54_TNFSF8_CD30_Ligand
PC22	0.00289794096624276	3421_54_TNFSF8_CD30_Ligand
PC23	0.000759074863864964	3421_54_TNFSF8_CD30_Ligand
PC24	0.008438446827716	3421_54_TNFSF8_CD30_Ligand
PC25	0.00102410573919108	3421_54_TNFSF8_CD30_Ligand
PC26	0.00656279736538473	3421_54_TNFSF8_CD30_Ligand
PC27	0.00149694897634018	3421_54_TNFSF8_CD30_Ligand
PC28	0.00190126176816736	3421_54_TNFSF8_CD30_Ligand
PC29	-0.00227910612101547	3421_54_TNFSF8_CD30_Ligand
PC30	0.00069502419333002	3421_54_TNFSF8_CD30_Ligand
PC31	0.000471115482032337	3421_54_TNFSF8_CD30_Ligand
PC32	-0.000920019530398223	3421_54_TNFSF8_CD30_Ligand
PC33	-0.000730100803917552	3421_54_TNFSF8_CD30_Ligand
PC34	0.00053741358011584	3421_54_TNFSF8_CD30_Ligand
PC35	0.000765719272675332	3421_54_TNFSF8_CD30_Ligand
PC36	0.000449498769229468	3421_54_TNFSF8_CD30_Ligand
PC37	0.000787582787985377	3421_54_TNFSF8_CD30_Ligand
PC38	-0.000475945055451839	3421_54_TNFSF8_CD30_Ligand
PC39	0.000549288153732034	3421_54_TNFSF8_CD30_Ligand
PC40	0.000206075173172986	3421_54_TNFSF8_CD30_Ligand
PC41	2.15301606233668e-16	3421_54_TNFSF8_CD30_Ligand
PC1	-0.00058844100217859	3447_64_CXCL8_IL_8
PC2	0.000359897379118085	3447_64_CXCL8_IL_8
PC3	-0.00210980579932329	3447_64_CXCL8_IL_8
PC4	-0.00234875046658536	3447_64_CXCL8_IL_8
PC5	-0.00047912560630126	3447_64_CXCL8_IL_8
PC6	-0.000942237409883075	3447_64_CXCL8_IL_8
PC7	-0.00586381589998134	3447_64_CXCL8_IL_8
PC8	-0.00140417389219551	3447_64_CXCL8_IL_8
PC9	0.00264400967568975	3447_64_CXCL8_IL_8
PC10	-0.00533316053203992	3447_64_CXCL8_IL_8
PC11	-0.0035864199275417	3447_64_CXCL8_IL_8
PC12	-0.00357586274522763	3447_64_CXCL8_IL_8
PC13	-0.000267612444745672	3447_64_CXCL8_IL_8
PC14	0.00416289940128159	3447_64_CXCL8_IL_8
PC15	6.96041303713019e-06	3447_64_CXCL8_IL_8
PC16	-0.00537684137475671	3447_64_CXCL8_IL_8
PC17	0.00200012772206705	3447_64_CXCL8_IL_8
PC18	-6.72451403828253e-05	3447_64_CXCL8_IL_8
PC19	-0.0019901826480554	3447_64_CXCL8_IL_8
PC20	-0.0015154122854168	3447_64_CXCL8_IL_8
PC21	-0.00370298841843879	3447_64_CXCL8_IL_8
PC22	0.000435520843614506	3447_64_CXCL8_IL_8
PC23	0.00123901716444546	3447_64_CXCL8_IL_8
PC24	0.00231559057716783	3447_64_CXCL8_IL_8
PC25	-0.00590360651080542	3447_64_CXCL8_IL_8
PC26	0.00823648590511495	3447_64_CXCL8_IL_8
PC27	-0.00255222979897159	3447_64_CXCL8_IL_8
PC28	-0.00103540307123295	3447_64_CXCL8_IL_8
PC29	-0.00116150593356335	3447_64_CXCL8_IL_8
PC30	-8.23623792176027e-05	3447_64_CXCL8_IL_8
PC31	-0.000208603531346575	3447_64_CXCL8_IL_8
PC32	-0.00188783407180145	3447_64_CXCL8_IL_8
PC33	0.00279155125401289	3447_64_CXCL8_IL_8
PC34	0.000561680153784956	3447_64_CXCL8_IL_8
PC35	-6.44187701912795e-05	3447_64_CXCL8_IL_8
PC36	-0.000717991680586067	3447_64_CXCL8_IL_8
PC37	0.000588504454362526	3447_64_CXCL8_IL_8
PC38	-0.00107139482613805	3447_64_CXCL8_IL_8
PC39	0.000176665162779052	3447_64_CXCL8_IL_8
PC40	5.8778586938456e-05	3447_64_CXCL8_IL_8
PC41	1.24752146453856e-16	3447_64_CXCL8_IL_8
PC1	-0.00206828547768881	3487_32_CXCL13_BLC
PC2	-0.000877307837794089	3487_32_CXCL13_BLC
PC3	-0.00167683959426212	3487_32_CXCL13_BLC
PC4	-0.00370688100895448	3487_32_CXCL13_BLC
PC5	0.00360286974794805	3487_32_CXCL13_BLC
PC6	0.00445385462699015	3487_32_CXCL13_BLC
PC7	-0.00480848183353719	3487_32_CXCL13_BLC
PC8	-0.000868790963114919	3487_32_CXCL13_BLC
PC9	0.00320879849734255	3487_32_CXCL13_BLC
PC10	-0.00210575720821073	3487_32_CXCL13_BLC
PC11	-0.00256359055991901	3487_32_CXCL13_BLC
PC12	-0.00115593976891138	3487_32_CXCL13_BLC
PC13	0.000998190086260676	3487_32_CXCL13_BLC
PC14	-0.000882390289876463	3487_32_CXCL13_BLC
PC15	0.000723673522567747	3487_32_CXCL13_BLC
PC16	-0.00332984974301577	3487_32_CXCL13_BLC
PC17	0.000225415409325602	3487_32_CXCL13_BLC
PC18	0.000601836010666789	3487_32_CXCL13_BLC
PC19	-0.000405439682994424	3487_32_CXCL13_BLC
PC20	-0.00215889515747906	3487_32_CXCL13_BLC
PC21	-0.000642443708502689	3487_32_CXCL13_BLC
PC22	0.00441077698525017	3487_32_CXCL13_BLC
PC23	-0.00301154374810923	3487_32_CXCL13_BLC
PC24	0.00431919376665574	3487_32_CXCL13_BLC
PC25	-0.00707084833237298	3487_32_CXCL13_BLC
PC26	0.00241176371645628	3487_32_CXCL13_BLC
PC27	-0.00382933910811755	3487_32_CXCL13_BLC
PC28	0.00418941311672759	3487_32_CXCL13_BLC
PC29	-0.00412908321751312	3487_32_CXCL13_BLC
PC30	0.000168040130819201	3487_32_CXCL13_BLC
PC31	-0.00173197868037393	3487_32_CXCL13_BLC
PC32	-0.000445673590889471	3487_32_CXCL13_BLC
PC33	-0.000984327126439159	3487_32_CXCL13_BLC
PC34	0.000404994682545499	3487_32_CXCL13_BLC
PC35	0.000851358664999676	3487_32_CXCL13_BLC
PC36	-0.000164200984428165	3487_32_CXCL13_BLC
PC37	0.000639521221136368	3487_32_CXCL13_BLC
PC38	-0.000606812444275138	3487_32_CXCL13_BLC
PC39	0.000691149475819242	3487_32_CXCL13_BLC
PC40	0.000234664450966848	3487_32_CXCL13_BLC
PC41	1.67702198243942e-16	3487_32_CXCL13_BLC
PC1	-0.000220103002543057	3495_15_CXCL6_GCP_2
PC2	-0.000292322488190253	3495_15_CXCL6_GCP_2
PC3	-0.000855013067034009	3495_15_CXCL6_GCP_2
PC4	-0.00741459379046492	3495_15_CXCL6_GCP_2
PC5	0.007599500004455	3495_15_CXCL6_GCP_2
PC6	-0.00182949087647028	3495_15_CXCL6_GCP_2
PC7	-0.0139455765271529	3495_15_CXCL6_GCP_2
PC8	0.00274763091754726	3495_15_CXCL6_GCP_2
PC9	-0.00432244932951531	3495_15_CXCL6_GCP_2
PC10	0.0108048484643154	3495_15_CXCL6_GCP_2
PC11	0.0069274929631474	3495_15_CXCL6_GCP_2
PC12	-0.0121059026333828	3495_15_CXCL6_GCP_2
PC13	0.00661611790102444	3495_15_CXCL6_GCP_2
PC14	0.00567063089645463	3495_15_CXCL6_GCP_2
PC15	-0.00223824808534024	3495_15_CXCL6_GCP_2
PC16	-0.0038397756479362	3495_15_CXCL6_GCP_2
PC17	0.00341389636138371	3495_15_CXCL6_GCP_2
PC18	-0.00431975223488507	3495_15_CXCL6_GCP_2
PC19	0.000316557011398275	3495_15_CXCL6_GCP_2
PC20	-0.00732368748385995	3495_15_CXCL6_GCP_2
PC21	-0.00248959868387816	3495_15_CXCL6_GCP_2
PC22	-0.000535857687131471	3495_15_CXCL6_GCP_2
PC23	-0.000672639235069351	3495_15_CXCL6_GCP_2
PC24	0.00588348240226823	3495_15_CXCL6_GCP_2
PC25	-0.00355976046003086	3495_15_CXCL6_GCP_2
PC26	0.00358040522912183	3495_15_CXCL6_GCP_2
PC27	-0.0028318530045486	3495_15_CXCL6_GCP_2
PC28	-0.000477236620589206	3495_15_CXCL6_GCP_2
PC29	-0.00124674860014821	3495_15_CXCL6_GCP_2
PC30	-0.000299709120789801	3495_15_CXCL6_GCP_2
PC31	0.00050392603201561	3495_15_CXCL6_GCP_2
PC32	-0.000855806712533648	3495_15_CXCL6_GCP_2
PC33	-0.001038944830126	3495_15_CXCL6_GCP_2
PC34	0.000175192785637438	3495_15_CXCL6_GCP_2
PC35	0.000708528297653056	3495_15_CXCL6_GCP_2
PC36	-0.000166406426381845	3495_15_CXCL6_GCP_2
PC37	0.000787670824331707	3495_15_CXCL6_GCP_2
PC38	-0.000507008918672835	3495_15_CXCL6_GCP_2
PC39	0.000360797627903259	3495_15_CXCL6_GCP_2
PC40	5.08043646365539e-05	3495_15_CXCL6_GCP_2
PC41	9.07502918287552e-17	3495_15_CXCL6_GCP_2
PC1	-0.00123401173736052	3508_78_CCL22_MDC
PC2	-0.00879973031916898	3508_78_CCL22_MDC
PC3	-0.0132994741457525	3508_78_CCL22_MDC
PC4	-0.0064534332029997	3508_78_CCL22_MDC
PC5	0.00653929595673788	3508_78_CCL22_MDC
PC6	0.0266319249317895	3508_78_CCL22_MDC
PC7	-0.00463419800731947	3508_78_CCL22_MDC
PC8	-0.00328616365985942	3508_78_CCL22_MDC
PC9	-0.00359450612119805	3508_78_CCL22_MDC
PC10	-0.00397965178176432	3508_78_CCL22_MDC
PC11	-0.00675839632764234	3508_78_CCL22_MDC
PC12	-0.00647411054772263	3508_78_CCL22_MDC
PC13	-0.00153707856867059	3508_78_CCL22_MDC
PC14	-0.000814643237880666	3508_78_CCL22_MDC
PC15	0.00267865910630081	3508_78_CCL22_MDC
PC16	-0.00117481644115677	3508_78_CCL22_MDC
PC17	0.00328163044665825	3508_78_CCL22_MDC
PC18	-0.00313087480658742	3508_78_CCL22_MDC
PC19	-0.00117659379502542	3508_78_CCL22_MDC
PC20	0.000347601180717826	3508_78_CCL22_MDC
PC21	0.0010483447715489	3508_78_CCL22_MDC
PC22	-0.00470976329565937	3508_78_CCL22_MDC
PC23	4.09911748663518e-05	3508_78_CCL22_MDC
PC24	0.00592166698531626	3508_78_CCL22_MDC
PC25	-0.0038500349673302	3508_78_CCL22_MDC
PC26	0.00437501101618952	3508_78_CCL22_MDC
PC27	-0.00225424609791542	3508_78_CCL22_MDC
PC28	-0.000503275120633365	3508_78_CCL22_MDC
PC29	-0.00132721662585305	3508_78_CCL22_MDC
PC30	-0.00064825220153471	3508_78_CCL22_MDC
PC31	0.000136232297075369	3508_78_CCL22_MDC
PC32	-0.00103984922420607	3508_78_CCL22_MDC
PC33	-0.00087866022121984	3508_78_CCL22_MDC
PC34	0.000175178875865878	3508_78_CCL22_MDC
PC35	0.00094763314563039	3508_78_CCL22_MDC
PC36	9.55142715122961e-05	3508_78_CCL22_MDC
PC37	0.000765536063785498	3508_78_CCL22_MDC
PC38	-0.000587453741378687	3508_78_CCL22_MDC
PC39	0.00042896613355833	3508_78_CCL22_MDC
PC40	2.00436736507326e-05	3508_78_CCL22_MDC
PC41	-4.26088197474394e-17	3508_78_CCL22_MDC
PC1	-0.000913892091040764	3516_60_CXCL12_SDF_1
PC2	-0.00536759494794081	3516_60_CXCL12_SDF_1
PC3	-0.00650163405669345	3516_60_CXCL12_SDF_1
PC4	-0.00823963823460135	3516_60_CXCL12_SDF_1
PC5	0.0109589164993865	3516_60_CXCL12_SDF_1
PC6	0.014898696012678	3516_60_CXCL12_SDF_1
PC7	-0.00914999776574794	3516_60_CXCL12_SDF_1
PC8	-6.44122066919198e-05	3516_60_CXCL12_SDF_1
PC9	-0.00320180682340903	3516_60_CXCL12_SDF_1
PC10	-0.00208973015208485	3516_60_CXCL12_SDF_1
PC11	-0.0011115951380069	3516_60_CXCL12_SDF_1
PC12	0.000483100190425595	3516_60_CXCL12_SDF_1
PC13	-0.00277169129360222	3516_60_CXCL12_SDF_1
PC14	0.00199403597492607	3516_60_CXCL12_SDF_1
PC15	0.00161830829206706	3516_60_CXCL12_SDF_1
PC16	-0.0048710081591751	3516_60_CXCL12_SDF_1
PC17	-0.00241118731861598	3516_60_CXCL12_SDF_1
PC18	0.00365669454001736	3516_60_CXCL12_SDF_1
PC19	-0.00019316303547609	3516_60_CXCL12_SDF_1
PC20	-0.00280355577532065	3516_60_CXCL12_SDF_1
PC21	-0.0101946398583344	3516_60_CXCL12_SDF_1
PC22	0.00733835232753356	3516_60_CXCL12_SDF_1
PC23	-0.000889595088762542	3516_60_CXCL12_SDF_1
PC24	0.00523231133143132	3516_60_CXCL12_SDF_1
PC25	-0.00269882608566411	3516_60_CXCL12_SDF_1
PC26	0.00338387515408272	3516_60_CXCL12_SDF_1
PC27	-0.00231430865651977	3516_60_CXCL12_SDF_1
PC28	-0.00207472041559852	3516_60_CXCL12_SDF_1
PC29	-0.000969601239931317	3516_60_CXCL12_SDF_1
PC30	0.000228809840096793	3516_60_CXCL12_SDF_1
PC31	0.000661915220002692	3516_60_CXCL12_SDF_1
PC32	-0.000474098008165928	3516_60_CXCL12_SDF_1
PC33	-0.000800730059504144	3516_60_CXCL12_SDF_1
PC34	-0.000199307539861124	3516_60_CXCL12_SDF_1
PC35	0.000531725095907346	3516_60_CXCL12_SDF_1
PC36	0.000344144766572305	3516_60_CXCL12_SDF_1
PC37	0.000960485323726076	3516_60_CXCL12_SDF_1
PC38	-0.000396020244513962	3516_60_CXCL12_SDF_1
PC39	0.00032487473357947	3516_60_CXCL12_SDF_1
PC40	-7.4331561248269e-05	3516_60_CXCL12_SDF_1
PC41	3.88018015361059e-17	3516_60_CXCL12_SDF_1
PC1	-0.00369376324764034	3519_3_CCL17_TARC
PC2	-0.0279480600359068	3519_3_CCL17_TARC
PC3	-0.0374859882919059	3519_3_CCL17_TARC
PC4	-0.00378243904097579	3519_3_CCL17_TARC
PC5	-0.00365031676500505	3519_3_CCL17_TARC
PC6	-0.00681828499915481	3519_3_CCL17_TARC
PC7	-0.00167738221011949	3519_3_CCL17_TARC
PC8	0.0015402203816935	3519_3_CCL17_TARC
PC9	0.00636402846955257	3519_3_CCL17_TARC
PC10	0.00272530223456103	3519_3_CCL17_TARC
PC11	-0.00228670573174609	3519_3_CCL17_TARC
PC12	0.00051232271970183	3519_3_CCL17_TARC
PC13	0.00497254403105369	3519_3_CCL17_TARC
PC14	0.00115075592102845	3519_3_CCL17_TARC
PC15	0.00261353733372888	3519_3_CCL17_TARC
PC16	-0.00153364448366398	3519_3_CCL17_TARC
PC17	0.00142456051265667	3519_3_CCL17_TARC
PC18	0.000360957676107131	3519_3_CCL17_TARC
PC19	-0.000316545841985266	3519_3_CCL17_TARC
PC20	-0.00129731568686423	3519_3_CCL17_TARC
PC21	-0.00333611628840366	3519_3_CCL17_TARC
PC22	0.00104817104128309	3519_3_CCL17_TARC
PC23	-0.000929911892001174	3519_3_CCL17_TARC
PC24	0.00561024837713882	3519_3_CCL17_TARC
PC25	-0.00385592592468423	3519_3_CCL17_TARC
PC26	0.00415918657766981	3519_3_CCL17_TARC
PC27	-0.00202848055669538	3519_3_CCL17_TARC
PC28	-0.000488326630602485	3519_3_CCL17_TARC
PC29	-0.00131971238893857	3519_3_CCL17_TARC
PC30	-0.000441391352428299	3519_3_CCL17_TARC
PC31	0.00052238614130654	3519_3_CCL17_TARC
PC32	-0.000728905294662942	3519_3_CCL17_TARC
PC33	-0.00077291909656716	3519_3_CCL17_TARC
PC34	0.000388105109779533	3519_3_CCL17_TARC
PC35	0.000856082547347031	3519_3_CCL17_TARC
PC36	-6.55652927433996e-05	3519_3_CCL17_TARC
PC37	0.000799547365537744	3519_3_CCL17_TARC
PC38	-0.000505727980859326	3519_3_CCL17_TARC
PC39	0.000432578737546265	3519_3_CCL17_TARC
PC40	3.20713230885732e-05	3519_3_CCL17_TARC
PC41	4.96873223955272e-16	3519_3_CCL17_TARC
PC1	-0.00183372317144772	3534_14_CD40LG_CD40_ligand__soluble
PC2	-0.00189594959148051	3534_14_CD40LG_CD40_ligand__soluble
PC3	-0.00306168692366971	3534_14_CD40LG_CD40_ligand__soluble
PC4	-0.00397451248028268	3534_14_CD40LG_CD40_ligand__soluble
PC5	0.00429460178799966	3534_14_CD40LG_CD40_ligand__soluble
PC6	-0.00103381337786311	3534_14_CD40LG_CD40_ligand__soluble
PC7	-0.00552061509287534	3534_14_CD40LG_CD40_ligand__soluble
PC8	-0.000689970570351039	3534_14_CD40LG_CD40_ligand__soluble
PC9	0.00289564503167202	3534_14_CD40LG_CD40_ligand__soluble
PC10	-0.00152174722273673	3534_14_CD40LG_CD40_ligand__soluble
PC11	-0.00250929263250065	3534_14_CD40LG_CD40_ligand__soluble
PC12	0.000246090462333366	3534_14_CD40LG_CD40_ligand__soluble
PC13	0.000446049314207485	3534_14_CD40LG_CD40_ligand__soluble
PC14	0.00137571063807041	3534_14_CD40LG_CD40_ligand__soluble
PC15	0.000289824149020363	3534_14_CD40LG_CD40_ligand__soluble
PC16	-0.00511098437249449	3534_14_CD40LG_CD40_ligand__soluble
PC17	0.000865451731146424	3534_14_CD40LG_CD40_ligand__soluble
PC18	0.00313689001870352	3534_14_CD40LG_CD40_ligand__soluble
PC19	-0.000213966897741593	3534_14_CD40LG_CD40_ligand__soluble
PC20	-0.000898536631891696	3534_14_CD40LG_CD40_ligand__soluble
PC21	-0.0004173359500038	3534_14_CD40LG_CD40_ligand__soluble
PC22	-0.000385776902343548	3534_14_CD40LG_CD40_ligand__soluble
PC23	0.00302971705127405	3534_14_CD40LG_CD40_ligand__soluble
PC24	0.00490748884877064	3534_14_CD40LG_CD40_ligand__soluble
PC25	-0.00307227353425524	3534_14_CD40LG_CD40_ligand__soluble
PC26	0.00279359381282231	3534_14_CD40LG_CD40_ligand__soluble
PC27	-0.00374247690429005	3534_14_CD40LG_CD40_ligand__soluble
PC28	0.000639984062602024	3534_14_CD40LG_CD40_ligand__soluble
PC29	-0.00205884572923705	3534_14_CD40LG_CD40_ligand__soluble
PC30	-0.000154240391530955	3534_14_CD40LG_CD40_ligand__soluble
PC31	0.0023060932144463	3534_14_CD40LG_CD40_ligand__soluble
PC32	-0.00332208505857004	3534_14_CD40LG_CD40_ligand__soluble
PC33	-0.000988126977548178	3534_14_CD40LG_CD40_ligand__soluble
PC34	-0.00205098779189705	3534_14_CD40LG_CD40_ligand__soluble
PC35	-6.6634641085909e-05	3534_14_CD40LG_CD40_ligand__soluble
PC36	0.000426229249997922	3534_14_CD40LG_CD40_ligand__soluble
PC37	0.00300284305318466	3534_14_CD40LG_CD40_ligand__soluble
PC38	-0.00044493770259018	3534_14_CD40LG_CD40_ligand__soluble
PC39	0.00124840580820747	3534_14_CD40LG_CD40_ligand__soluble
PC40	-0.000141928083128109	3534_14_CD40LG_CD40_ligand__soluble
PC41	2.08530400130024e-16	3534_14_CD40LG_CD40_ligand__soluble
PC1	-0.00275340267097171	4141_79_CXCL10_IP_10
PC2	0.000553447978538468	4141_79_CXCL10_IP_10
PC3	-0.000823759769475069	4141_79_CXCL10_IP_10
PC4	-0.0035678374869395	4141_79_CXCL10_IP_10
PC5	0.00516672029449341	4141_79_CXCL10_IP_10
PC6	0.00156416090599642	4141_79_CXCL10_IP_10
PC7	-0.0065545489093207	4141_79_CXCL10_IP_10
PC8	-0.00081126081928465	4141_79_CXCL10_IP_10
PC9	0.00645522199291688	4141_79_CXCL10_IP_10
PC10	0.000608051978967682	4141_79_CXCL10_IP_10
PC11	-0.00501835482333943	4141_79_CXCL10_IP_10
PC12	-0.000164941427199419	4141_79_CXCL10_IP_10
PC13	0.00288252259002747	4141_79_CXCL10_IP_10
PC14	-0.00366333647370971	4141_79_CXCL10_IP_10
PC15	0.00156124668036359	4141_79_CXCL10_IP_10
PC16	-0.00487735034264549	4141_79_CXCL10_IP_10
PC17	-0.00120502228538201	4141_79_CXCL10_IP_10
PC18	-0.000634858820624835	4141_79_CXCL10_IP_10
PC19	-0.00266270265780526	4141_79_CXCL10_IP_10
PC20	-0.00258386197168951	4141_79_CXCL10_IP_10
PC21	0.00234378597209372	4141_79_CXCL10_IP_10
PC22	0.00351817005228077	4141_79_CXCL10_IP_10
PC23	-0.00169972413083171	4141_79_CXCL10_IP_10
PC24	0.00476595471978153	4141_79_CXCL10_IP_10
PC25	-0.00392983964032592	4141_79_CXCL10_IP_10
PC26	0.00522163753014027	4141_79_CXCL10_IP_10
PC27	-0.00198110987871785	4141_79_CXCL10_IP_10
PC28	-0.00311489806444591	4141_79_CXCL10_IP_10
PC29	-0.0021743217287648	4141_79_CXCL10_IP_10
PC30	-0.00222065672517312	4141_79_CXCL10_IP_10
PC31	0.00114114595403698	4141_79_CXCL10_IP_10
PC32	-0.000449096915097922	4141_79_CXCL10_IP_10
PC33	-0.00181936546659591	4141_79_CXCL10_IP_10
PC34	-0.00208709993146008	4141_79_CXCL10_IP_10
PC35	0.00110176464586207	4141_79_CXCL10_IP_10
PC36	-0.00182262237043995	4141_79_CXCL10_IP_10
PC37	-0.000333223452991312	4141_79_CXCL10_IP_10
PC38	-0.00105486823439621	4141_79_CXCL10_IP_10
PC39	0.000481434199666262	4141_79_CXCL10_IP_10
PC40	5.53108085548464e-05	4141_79_CXCL10_IP_10
PC41	1.45984159321323e-16	4141_79_CXCL10_IP_10
PC1	-0.00025696055637364	4407_10_MST1_MSP
PC2	0.000447138193524222	4407_10_MST1_MSP
PC3	0.000400767815105673	4407_10_MST1_MSP
PC4	0.00343901973230684	4407_10_MST1_MSP
PC5	-0.0027320649609642	4407_10_MST1_MSP
PC6	-0.00213939915081551	4407_10_MST1_MSP
PC7	0.00828467784137635	4407_10_MST1_MSP
PC8	-0.00501671551854614	4407_10_MST1_MSP
PC9	-0.0151472698978532	4407_10_MST1_MSP
PC10	0.0112580207228655	4407_10_MST1_MSP
PC11	-0.0141226108316526	4407_10_MST1_MSP
PC12	0.00266694119705799	4407_10_MST1_MSP
PC13	0.00130227158059342	4407_10_MST1_MSP
PC14	0.00320986078196071	4407_10_MST1_MSP
PC15	0.00218540029482446	4407_10_MST1_MSP
PC16	-0.00627590913329924	4407_10_MST1_MSP
PC17	0.000618919175508286	4407_10_MST1_MSP
PC18	0.000796408879548989	4407_10_MST1_MSP
PC19	-0.00150327423934176	4407_10_MST1_MSP
PC20	-0.00196167555975845	4407_10_MST1_MSP
PC21	-0.00308392440189943	4407_10_MST1_MSP
PC22	0.000345285253459106	4407_10_MST1_MSP
PC23	-0.000666771468696365	4407_10_MST1_MSP
PC24	0.00640511277067194	4407_10_MST1_MSP
PC25	-0.00422653506135283	4407_10_MST1_MSP
PC26	0.00450016843530649	4407_10_MST1_MSP
PC27	-0.00247738396835843	4407_10_MST1_MSP
PC28	-0.000459742180360088	4407_10_MST1_MSP
PC29	-0.00160066568715415	4407_10_MST1_MSP
PC30	-0.000465955880487154	4407_10_MST1_MSP
PC31	0.000402373372503895	4407_10_MST1_MSP
PC32	-0.000814745784190727	4407_10_MST1_MSP
PC33	-0.00099963185463162	4407_10_MST1_MSP
PC34	0.000237814139422205	4407_10_MST1_MSP
PC35	0.000810735556250413	4407_10_MST1_MSP
PC36	-3.60259568134151e-05	4407_10_MST1_MSP
PC37	0.000773414423275876	4407_10_MST1_MSP
PC38	-0.000510576266038045	4407_10_MST1_MSP
PC39	0.000416841140384866	4407_10_MST1_MSP
PC40	5.60974213596759e-05	4407_10_MST1_MSP
PC41	-5.9630314728037e-17	4407_10_MST1_MSP
PC1	-0.00221587112257275	4886_3_CCL7_MCP_3
PC2	-0.00487443052436613	4886_3_CCL7_MCP_3
PC3	-0.00128057182523484	4886_3_CCL7_MCP_3
PC4	-0.0126302869177383	4886_3_CCL7_MCP_3
PC5	0.0174163914530079	4886_3_CCL7_MCP_3
PC6	-0.00095382336344583	4886_3_CCL7_MCP_3
PC7	0.00680986319469336	4886_3_CCL7_MCP_3
PC8	-0.00185190407776696	4886_3_CCL7_MCP_3
PC9	0.00421107855199741	4886_3_CCL7_MCP_3
PC10	-0.000856983567745181	4886_3_CCL7_MCP_3
PC11	-0.000856744666219942	4886_3_CCL7_MCP_3
PC12	-0.000381208771143939	4886_3_CCL7_MCP_3
PC13	0.000769627648269961	4886_3_CCL7_MCP_3
PC14	0.000786924314872889	4886_3_CCL7_MCP_3
PC15	0.0019839793696602	4886_3_CCL7_MCP_3
PC16	-0.00443149021783002	4886_3_CCL7_MCP_3
PC17	0.000192949930160877	4886_3_CCL7_MCP_3
PC18	-0.000243133388678924	4886_3_CCL7_MCP_3
PC19	-0.00103792153532269	4886_3_CCL7_MCP_3
PC20	-0.00177750934959566	4886_3_CCL7_MCP_3
PC21	-0.0022529005687713	4886_3_CCL7_MCP_3
PC22	-0.00135198083364272	4886_3_CCL7_MCP_3
PC23	-0.00154298281604269	4886_3_CCL7_MCP_3
PC24	0.0095554098252117	4886_3_CCL7_MCP_3
PC25	-0.00314581164152328	4886_3_CCL7_MCP_3
PC26	0.000477956827385154	4886_3_CCL7_MCP_3
PC27	-0.00274646598542162	4886_3_CCL7_MCP_3
PC28	-0.00150019617446344	4886_3_CCL7_MCP_3
PC29	-0.00357774615860818	4886_3_CCL7_MCP_3
PC30	-0.000551310963009781	4886_3_CCL7_MCP_3
PC31	0.000839982174509371	4886_3_CCL7_MCP_3
PC32	-0.000461527321747759	4886_3_CCL7_MCP_3
PC33	0.0021458960125867	4886_3_CCL7_MCP_3
PC34	0.000329601128182028	4886_3_CCL7_MCP_3
PC35	0.000219221967607791	4886_3_CCL7_MCP_3
PC36	-0.00087133615672358	4886_3_CCL7_MCP_3
PC37	0.00075142990773252	4886_3_CCL7_MCP_3
PC38	-0.00053574368838247	4886_3_CCL7_MCP_3
PC39	0.000163301179740975	4886_3_CCL7_MCP_3
PC40	-0.00015282635704432	4886_3_CCL7_MCP_3
PC41	-5.17283779454639e-18	4886_3_CCL7_MCP_3
PC1	-0.000441831996764391	4913_78_CCL16_HCC_4
PC2	0.0155778794295651	4913_78_CCL16_HCC_4
PC3	-0.0161892219683639	4913_78_CCL16_HCC_4
PC4	0.0071174711813544	4913_78_CCL16_HCC_4
PC5	0.00252350204101871	4913_78_CCL16_HCC_4
PC6	-0.00296404678949959	4913_78_CCL16_HCC_4
PC7	-0.000783101632548127	4913_78_CCL16_HCC_4
PC8	-0.000708326478082937	4913_78_CCL16_HCC_4
PC9	0.000967145969345695	4913_78_CCL16_HCC_4
PC10	0.00116608130808947	4913_78_CCL16_HCC_4
PC11	0.00661006609542926	4913_78_CCL16_HCC_4
PC12	-0.00256618607914221	4913_78_CCL16_HCC_4
PC13	-0.0113469366416918	4913_78_CCL16_HCC_4
PC14	-0.00866472918942545	4913_78_CCL16_HCC_4
PC15	0.00504485662476066	4913_78_CCL16_HCC_4
PC16	-0.00543973130841144	4913_78_CCL16_HCC_4
PC17	0.00702245034505151	4913_78_CCL16_HCC_4
PC18	3.31794398869826e-05	4913_78_CCL16_HCC_4
PC19	-0.00184163971965009	4913_78_CCL16_HCC_4
PC20	-0.00269331204483006	4913_78_CCL16_HCC_4
PC21	-0.00330491801986423	4913_78_CCL16_HCC_4
PC22	0.000399183340006492	4913_78_CCL16_HCC_4
PC23	-0.000662546230522448	4913_78_CCL16_HCC_4
PC24	0.00672741576595108	4913_78_CCL16_HCC_4
PC25	-0.00354219386983992	4913_78_CCL16_HCC_4
PC26	0.00435260800580018	4913_78_CCL16_HCC_4
PC27	-0.00246501657465185	4913_78_CCL16_HCC_4
PC28	-0.000525892673810621	4913_78_CCL16_HCC_4
PC29	-0.00128172700876009	4913_78_CCL16_HCC_4
PC30	-0.000450236220648616	4913_78_CCL16_HCC_4
PC31	0.000274147065398748	4913_78_CCL16_HCC_4
PC32	-0.000914503702478657	4913_78_CCL16_HCC_4
PC33	-0.000860773491081389	4913_78_CCL16_HCC_4
PC34	0.000255361835297804	4913_78_CCL16_HCC_4
PC35	0.000908569254827999	4913_78_CCL16_HCC_4
PC36	-0.000153493954420576	4913_78_CCL16_HCC_4
PC37	0.000905166196658835	4913_78_CCL16_HCC_4
PC38	-0.000389405477622072	4913_78_CCL16_HCC_4
PC39	0.000385223480430183	4913_78_CCL16_HCC_4
PC40	-2.34470255011e-05	4913_78_CCL16_HCC_4
PC41	3.38082989084202e-16	4913_78_CCL16_HCC_4
PC1	-0.00116333028080774	5301_7_CCL11_Eotaxin
PC2	-0.00754898496692901	5301_7_CCL11_Eotaxin
PC3	-0.00907199567044644	5301_7_CCL11_Eotaxin
PC4	-0.00539919935486909	5301_7_CCL11_Eotaxin
PC5	-0.000313285538365193	5301_7_CCL11_Eotaxin
PC6	0.00102877142159614	5301_7_CCL11_Eotaxin
PC7	0.000201417925488472	5301_7_CCL11_Eotaxin
PC8	0.0013236628265309	5301_7_CCL11_Eotaxin
PC9	-0.00259802178044536	5301_7_CCL11_Eotaxin
PC10	-0.00225758272953083	5301_7_CCL11_Eotaxin
PC11	0.00605433030853067	5301_7_CCL11_Eotaxin
PC12	0.000951120717784384	5301_7_CCL11_Eotaxin
PC13	-0.00748620938779711	5301_7_CCL11_Eotaxin
PC14	0.00433497007755755	5301_7_CCL11_Eotaxin
PC15	-0.00341794487075776	5301_7_CCL11_Eotaxin
PC16	-0.00775010965433172	5301_7_CCL11_Eotaxin
PC17	-0.011341396326883	5301_7_CCL11_Eotaxin
PC18	-0.00542859322782722	5301_7_CCL11_Eotaxin
PC19	-0.00740780464985062	5301_7_CCL11_Eotaxin
PC20	-0.00235714880392655	5301_7_CCL11_Eotaxin
PC21	0.000300901119719314	5301_7_CCL11_Eotaxin
PC22	-6.60329535736527e-05	5301_7_CCL11_Eotaxin
PC23	0.000224725483945703	5301_7_CCL11_Eotaxin
PC24	0.00622760870431434	5301_7_CCL11_Eotaxin
PC25	-0.00413819676209048	5301_7_CCL11_Eotaxin
PC26	0.00418355867907216	5301_7_CCL11_Eotaxin
PC27	-0.00280353504482957	5301_7_CCL11_Eotaxin
PC28	-0.000121546867449162	5301_7_CCL11_Eotaxin
PC29	-0.00107780107603304	5301_7_CCL11_Eotaxin
PC30	-0.000391140514398721	5301_7_CCL11_Eotaxin
PC31	0.000232164228591306	5301_7_CCL11_Eotaxin
PC32	-0.000905073230450028	5301_7_CCL11_Eotaxin
PC33	-0.000936700690849759	5301_7_CCL11_Eotaxin
PC34	0.00015573237065247	5301_7_CCL11_Eotaxin
PC35	0.000694976855673674	5301_7_CCL11_Eotaxin
PC36	0.00014416069237395	5301_7_CCL11_Eotaxin
PC37	0.000764316981845325	5301_7_CCL11_Eotaxin
PC38	-0.000506854313928716	5301_7_CCL11_Eotaxin
PC39	0.000410923920844624	5301_7_CCL11_Eotaxin
PC40	8.23003583292528e-05	5301_7_CCL11_Eotaxin
PC41	1.57821663431699e-16	5301_7_CCL11_Eotaxin
PC1	-0.00093153582588299	5353_89_IL1RN_IL_1Ra
PC2	-0.000688137366215435	5353_89_IL1RN_IL_1Ra
PC3	-0.00184617074661778	5353_89_IL1RN_IL_1Ra
PC4	-0.00327153816079256	5353_89_IL1RN_IL_1Ra
PC5	0.00160776499922969	5353_89_IL1RN_IL_1Ra
PC6	-0.000213341431787334	5353_89_IL1RN_IL_1Ra
PC7	-0.00329444643984593	5353_89_IL1RN_IL_1Ra
PC8	-0.000340658646225151	5353_89_IL1RN_IL_1Ra
PC9	0.00385413019232413	5353_89_IL1RN_IL_1Ra
PC10	-0.00183236695452762	5353_89_IL1RN_IL_1Ra
PC11	-0.00595507763954377	5353_89_IL1RN_IL_1Ra
PC12	-0.00251926234230562	5353_89_IL1RN_IL_1Ra
PC13	0.00389096589530358	5353_89_IL1RN_IL_1Ra
PC14	-0.0110105879888344	5353_89_IL1RN_IL_1Ra
PC15	-0.0131378487381187	5353_89_IL1RN_IL_1Ra
PC16	-0.00597166807357518	5353_89_IL1RN_IL_1Ra
PC17	-0.00128519968236137	5353_89_IL1RN_IL_1Ra
PC18	-0.00306252705859276	5353_89_IL1RN_IL_1Ra
PC19	0.0011849926118718	5353_89_IL1RN_IL_1Ra
PC20	0.00205296920082693	5353_89_IL1RN_IL_1Ra
PC21	-0.00686724095142674	5353_89_IL1RN_IL_1Ra
PC22	-0.00168169593958553	5353_89_IL1RN_IL_1Ra
PC23	-0.000766645634613877	5353_89_IL1RN_IL_1Ra
PC24	0.00636332208170645	5353_89_IL1RN_IL_1Ra
PC25	-0.00349325853122807	5353_89_IL1RN_IL_1Ra
PC26	0.00428431630310606	5353_89_IL1RN_IL_1Ra
PC27	-0.00281837005216185	5353_89_IL1RN_IL_1Ra
PC28	-0.000433233368222717	5353_89_IL1RN_IL_1Ra
PC29	-0.00115507337686391	5353_89_IL1RN_IL_1Ra
PC30	-0.000430844148440528	5353_89_IL1RN_IL_1Ra
PC31	0.000389615485851603	5353_89_IL1RN_IL_1Ra
PC32	-0.000513812251488754	5353_89_IL1RN_IL_1Ra
PC33	-0.000957584348071926	5353_89_IL1RN_IL_1Ra
PC34	0.000327084709406999	5353_89_IL1RN_IL_1Ra
PC35	0.000656246911568512	5353_89_IL1RN_IL_1Ra
PC36	7.85398035736333e-05	5353_89_IL1RN_IL_1Ra
PC37	0.00090183030094521	5353_89_IL1RN_IL_1Ra
PC38	-0.000326720677354763	5353_89_IL1RN_IL_1Ra
PC39	0.000481616685720503	5353_89_IL1RN_IL_1Ra
PC40	0.00010299182065649	5353_89_IL1RN_IL_1Ra
PC41	-1.15965741293191e-16	5353_89_IL1RN_IL_1Ra
PC1	-0.00180953128784677	5355_69_TNFSF14_LIGHT
PC2	-0.000819258516172741	5355_69_TNFSF14_LIGHT
PC3	-0.00154109067980018	5355_69_TNFSF14_LIGHT
PC4	-0.00509511842282953	5355_69_TNFSF14_LIGHT
PC5	0.00437163157039187	5355_69_TNFSF14_LIGHT
PC6	-0.000744210826311389	5355_69_TNFSF14_LIGHT
PC7	-0.00600529085821147	5355_69_TNFSF14_LIGHT
PC8	-0.000551810378984575	5355_69_TNFSF14_LIGHT
PC9	0.00351897748995114	5355_69_TNFSF14_LIGHT
PC10	-0.00148470021073286	5355_69_TNFSF14_LIGHT
PC11	-0.00227274195498654	5355_69_TNFSF14_LIGHT
PC12	-0.000348506702110467	5355_69_TNFSF14_LIGHT
PC13	0.000227574778117625	5355_69_TNFSF14_LIGHT
PC14	0.00092101385725189	5355_69_TNFSF14_LIGHT
PC15	0.00109745859051525	5355_69_TNFSF14_LIGHT
PC16	-0.00511065457935762	5355_69_TNFSF14_LIGHT
PC17	5.42341719074471e-05	5355_69_TNFSF14_LIGHT
PC18	0.00145453112686678	5355_69_TNFSF14_LIGHT
PC19	-0.000884503802350972	5355_69_TNFSF14_LIGHT
PC20	-0.0011334946215033	5355_69_TNFSF14_LIGHT
PC21	-0.00181468380140028	5355_69_TNFSF14_LIGHT
PC22	-0.00109484008927713	5355_69_TNFSF14_LIGHT
PC23	0.00392961809993202	5355_69_TNFSF14_LIGHT
PC24	0.00570664309730357	5355_69_TNFSF14_LIGHT
PC25	-0.00748173482752575	5355_69_TNFSF14_LIGHT
PC26	0.00245393919269622	5355_69_TNFSF14_LIGHT
PC27	0.00105129116677854	5355_69_TNFSF14_LIGHT
PC28	-0.00261727009606169	5355_69_TNFSF14_LIGHT
PC29	-0.00266833559493838	5355_69_TNFSF14_LIGHT
PC30	0.00306837280442248	5355_69_TNFSF14_LIGHT
PC31	0.000254151315845503	5355_69_TNFSF14_LIGHT
PC32	-0.000588599050605046	5355_69_TNFSF14_LIGHT
PC33	-0.00234671973436042	5355_69_TNFSF14_LIGHT
PC34	0.00138314479675571	5355_69_TNFSF14_LIGHT
PC35	0.000961181491511948	5355_69_TNFSF14_LIGHT
PC36	-0.000733035631892584	5355_69_TNFSF14_LIGHT
PC37	0.000847995567982044	5355_69_TNFSF14_LIGHT
PC38	-0.000362032282420921	5355_69_TNFSF14_LIGHT
PC39	0.000292597128526198	5355_69_TNFSF14_LIGHT
PC40	3.08666143508688e-05	5355_69_TNFSF14_LIGHT
PC41	9.60951825649199e-17	5355_69_TNFSF14_LIGHT
PC1	-0.000277748223700293	5480_49_CCL5_RANTES
PC2	-0.00251581101159091	5480_49_CCL5_RANTES
PC3	-0.00174253772544358	5480_49_CCL5_RANTES
PC4	-0.00366546738849272	5480_49_CCL5_RANTES
PC5	0.00487407385446846	5480_49_CCL5_RANTES
PC6	-8.20242211419843e-05	5480_49_CCL5_RANTES
PC7	-0.00720490320784008	5480_49_CCL5_RANTES
PC8	-0.000636252150375922	5480_49_CCL5_RANTES
PC9	0.00151214082937905	5480_49_CCL5_RANTES
PC10	-0.00290715636435317	5480_49_CCL5_RANTES
PC11	-0.000817629568283646	5480_49_CCL5_RANTES
PC12	-0.000498540084469364	5480_49_CCL5_RANTES
PC13	-0.00230767895243225	5480_49_CCL5_RANTES
PC14	0.00338025450906746	5480_49_CCL5_RANTES
PC15	0.00057160460868021	5480_49_CCL5_RANTES
PC16	-0.00487435932010474	5480_49_CCL5_RANTES
PC17	-0.00235840283459154	5480_49_CCL5_RANTES
PC18	0.00560469899675129	5480_49_CCL5_RANTES
PC19	0.00128268006921279	5480_49_CCL5_RANTES
PC20	-0.00198265142761531	5480_49_CCL5_RANTES
PC21	-0.00201639373480205	5480_49_CCL5_RANTES
PC22	-0.00380118248275782	5480_49_CCL5_RANTES
PC23	-0.00753971062387472	5480_49_CCL5_RANTES
PC24	0.00545109899326704	5480_49_CCL5_RANTES
PC25	-0.00318835264723303	5480_49_CCL5_RANTES
PC26	0.00564343736662033	5480_49_CCL5_RANTES
PC27	-3.95593153624725e-05	5480_49_CCL5_RANTES
PC28	-0.000245670272169089	5480_49_CCL5_RANTES
PC29	-0.00171982200074366	5480_49_CCL5_RANTES
PC30	-0.000688760733413388	5480_49_CCL5_RANTES
PC31	0.00124712790048728	5480_49_CCL5_RANTES
PC32	-0.00192716747700306	5480_49_CCL5_RANTES
PC33	-0.00186020106947791	5480_49_CCL5_RANTES
PC34	0.0013426238181303	5480_49_CCL5_RANTES
PC35	-0.000711786707109958	5480_49_CCL5_RANTES
PC36	-0.000746604108606809	5480_49_CCL5_RANTES
PC37	0.0013151629906647	5480_49_CCL5_RANTES
PC38	-0.000337753842936182	5480_49_CCL5_RANTES
PC39	0.00032410796835815	5480_49_CCL5_RANTES
PC40	0.000182682228354011	5480_49_CCL5_RANTES
PC41	8.6116707469304e-17	5480_49_CCL5_RANTES
PC1	0.000418690902319802	5813_58_EPO_Epo
PC2	0.000530275780121036	5813_58_EPO_Epo
PC3	0.000411846379236345	5813_58_EPO_Epo
PC4	0.000329471267900308	5813_58_EPO_Epo
PC5	-0.00133497604327975	5813_58_EPO_Epo
PC6	-0.00219178327866563	5813_58_EPO_Epo
PC7	0.00139859505817395	5813_58_EPO_Epo
PC8	-0.00180714342809713	5813_58_EPO_Epo
PC9	-0.000595001851597503	5813_58_EPO_Epo
PC10	-0.0057511655668488	5813_58_EPO_Epo
PC11	0.00159803220851081	5813_58_EPO_Epo
PC12	-0.00343703843510471	5813_58_EPO_Epo
PC13	-0.00279899996979477	5813_58_EPO_Epo
PC14	0.00526995887898932	5813_58_EPO_Epo
PC15	0.00142229932338872	5813_58_EPO_Epo
PC16	0.00382429060217449	5813_58_EPO_Epo
PC17	-0.00293238049895449	5813_58_EPO_Epo
PC18	-0.00403615030233135	5813_58_EPO_Epo
PC19	0.0102095747391032	5813_58_EPO_Epo
PC20	0.00195503279381109	5813_58_EPO_Epo
PC21	-0.00122227625833327	5813_58_EPO_Epo
PC22	0.00270386745450626	5813_58_EPO_Epo
PC23	-0.000414895599081402	5813_58_EPO_Epo
PC24	0.00742078893335141	5813_58_EPO_Epo
PC25	-0.00373583078728916	5813_58_EPO_Epo
PC26	0.00549376263765143	5813_58_EPO_Epo
PC27	-0.00247479603357071	5813_58_EPO_Epo
PC28	-0.00119358533027214	5813_58_EPO_Epo
PC29	-0.00210084652074316	5813_58_EPO_Epo
PC30	-0.000101481245575148	5813_58_EPO_Epo
PC31	0.000926514245733638	5813_58_EPO_Epo
PC32	-0.000937110935314621	5813_58_EPO_Epo
PC33	-0.000814347676800131	5813_58_EPO_Epo
PC34	-4.87775513423661e-05	5813_58_EPO_Epo
PC35	0.00158438569459395	5813_58_EPO_Epo
PC36	6.46898211368776e-06	5813_58_EPO_Epo
PC37	0.0007886039625416	5813_58_EPO_Epo
PC38	-0.000499012618906402	5813_58_EPO_Epo
PC39	0.000585582838593748	5813_58_EPO_Epo
PC40	-7.89547374574121e-05	5813_58_EPO_Epo
PC41	4.18534682888296e-17	5813_58_EPO_Epo
PC1	-0.00173389501219333	5834_18_IL9_IL_9
PC2	-0.00102400278530585	5834_18_IL9_IL_9
PC3	-0.00212597108358538	5834_18_IL9_IL_9
PC4	-0.00387392242836881	5834_18_IL9_IL_9
PC5	0.00532385591873102	5834_18_IL9_IL_9
PC6	-0.000765604394710031	5834_18_IL9_IL_9
PC7	-0.00518974930203566	5834_18_IL9_IL_9
PC8	-0.00119105007793467	5834_18_IL9_IL_9
PC9	0.0035076520830835	5834_18_IL9_IL_9
PC10	-0.00339229622386023	5834_18_IL9_IL_9
PC11	-0.0027252385593486	5834_18_IL9_IL_9
PC12	0.000416964128069693	5834_18_IL9_IL_9
PC13	0.000877027915188854	5834_18_IL9_IL_9
PC14	0.00327481200578622	5834_18_IL9_IL_9
PC15	0.00128643907689453	5834_18_IL9_IL_9
PC16	-0.00470604841335024	5834_18_IL9_IL_9
PC17	0.000651805658521427	5834_18_IL9_IL_9
PC18	0.00173177457939187	5834_18_IL9_IL_9
PC19	0.00132683911188331	5834_18_IL9_IL_9
PC20	-0.00127442552017945	5834_18_IL9_IL_9
PC21	-0.000879472005696938	5834_18_IL9_IL_9
PC22	0.0011270170413497	5834_18_IL9_IL_9
PC23	0.00284753473477507	5834_18_IL9_IL_9
PC24	0.00805736191267579	5834_18_IL9_IL_9
PC25	-0.00295122879550314	5834_18_IL9_IL_9
PC26	0.00347070848463711	5834_18_IL9_IL_9
PC27	-0.00314472009038658	5834_18_IL9_IL_9
PC28	-0.000975038912950092	5834_18_IL9_IL_9
PC29	0.000647212387659381	5834_18_IL9_IL_9
PC30	-0.00307041758514997	5834_18_IL9_IL_9
PC31	-0.00324004866519434	5834_18_IL9_IL_9
PC32	-0.000247991202440866	5834_18_IL9_IL_9
PC33	-0.00181997067239385	5834_18_IL9_IL_9
PC34	0.00122847532782249	5834_18_IL9_IL_9
PC35	-0.000833245917182323	5834_18_IL9_IL_9
PC36	-0.000527310939118417	5834_18_IL9_IL_9
PC37	0.00151371779067216	5834_18_IL9_IL_9
PC38	-0.00104594532577877	5834_18_IL9_IL_9
PC39	0.000412804843666754	5834_18_IL9_IL_9
PC40	0.000142858247053134	5834_18_IL9_IL_9
PC41	1.63456373339116e-16	5834_18_IL9_IL_9
PC1	-0.00179193325066117	5939_42_TNFSF12_TWEAK
PC2	-0.00332363282154017	5939_42_TNFSF12_TWEAK
PC3	-0.0049687819550642	5939_42_TNFSF12_TWEAK
PC4	-0.00959685118372398	5939_42_TNFSF12_TWEAK
PC5	0.00946324343360113	5939_42_TNFSF12_TWEAK
PC6	-0.000973465860713607	5939_42_TNFSF12_TWEAK
PC7	-0.0119619678121795	5939_42_TNFSF12_TWEAK
PC8	0.0032811797104816	5939_42_TNFSF12_TWEAK
PC9	-0.000393969778414896	5939_42_TNFSF12_TWEAK
PC10	-0.000375623906188082	5939_42_TNFSF12_TWEAK
PC11	-0.00399811387004012	5939_42_TNFSF12_TWEAK
PC12	0.0132005794124173	5939_42_TNFSF12_TWEAK
PC13	-0.00667920929289258	5939_42_TNFSF12_TWEAK
PC14	0.0069912175694513	5939_42_TNFSF12_TWEAK
PC15	-0.006770671788293	5939_42_TNFSF12_TWEAK
PC16	-0.0016265792640269	5939_42_TNFSF12_TWEAK
PC17	0.00929663359229505	5939_42_TNFSF12_TWEAK
PC18	-0.00483910244029914	5939_42_TNFSF12_TWEAK
PC19	-0.00114093158504007	5939_42_TNFSF12_TWEAK
PC20	-0.00037758870340124	5939_42_TNFSF12_TWEAK
PC21	-0.000936674481954568	5939_42_TNFSF12_TWEAK
PC22	0.000807030489325299	5939_42_TNFSF12_TWEAK
PC23	-0.00135289409787442	5939_42_TNFSF12_TWEAK
PC24	0.0056133110661444	5939_42_TNFSF12_TWEAK
PC25	-0.00390012997133758	5939_42_TNFSF12_TWEAK
PC26	0.00400915990708786	5939_42_TNFSF12_TWEAK
PC27	-0.00238468660542263	5939_42_TNFSF12_TWEAK
PC28	-0.000769000027911601	5939_42_TNFSF12_TWEAK
PC29	-0.00189460943269463	5939_42_TNFSF12_TWEAK
PC30	-0.000552996413175029	5939_42_TNFSF12_TWEAK
PC31	0.000735323358018252	5939_42_TNFSF12_TWEAK
PC32	-0.000635444521366163	5939_42_TNFSF12_TWEAK
PC33	-0.000900650766179143	5939_42_TNFSF12_TWEAK
PC34	0.000326281556574764	5939_42_TNFSF12_TWEAK
PC35	0.000777772061779583	5939_42_TNFSF12_TWEAK
PC36	-3.33976477887321e-05	5939_42_TNFSF12_TWEAK
PC37	0.000694268329455404	5939_42_TNFSF12_TWEAK
PC38	-0.000501079123126602	5939_42_TNFSF12_TWEAK
PC39	0.000379932171827204	5939_42_TNFSF12_TWEAK
PC40	9.72114977886353e-07	5939_42_TNFSF12_TWEAK
PC41	1.2097851793254e-16	5939_42_TNFSF12_TWEAK
PC1	-0.00125829121230357	5947_90_THPO_Tpo
PC2	-0.00216305568619672	5947_90_THPO_Tpo
PC3	-0.00329966470144977	5947_90_THPO_Tpo
PC4	-0.00311830473351309	5947_90_THPO_Tpo
PC5	0.00334736676855432	5947_90_THPO_Tpo
PC6	3.13958306190946e-05	5947_90_THPO_Tpo
PC7	-0.00539915320833619	5947_90_THPO_Tpo
PC8	-0.00120937200258775	5947_90_THPO_Tpo
PC9	0.00323372478404508	5947_90_THPO_Tpo
PC10	-0.00323145616075529	5947_90_THPO_Tpo
PC11	-0.00315682143025082	5947_90_THPO_Tpo
PC12	-0.00088931679013228	5947_90_THPO_Tpo
PC13	-1.14992931490502e-05	5947_90_THPO_Tpo
PC14	0.00278625801211073	5947_90_THPO_Tpo
PC15	0.000223358013723918	5947_90_THPO_Tpo
PC16	-0.00617873111314772	5947_90_THPO_Tpo
PC17	0.000612979566140317	5947_90_THPO_Tpo
PC18	0.00408219775405874	5947_90_THPO_Tpo
PC19	-0.000917674099238655	5947_90_THPO_Tpo
PC20	-0.00195290519700819	5947_90_THPO_Tpo
PC21	0.000338095273231801	5947_90_THPO_Tpo
PC22	-0.00118548902564563	5947_90_THPO_Tpo
PC23	-0.000654219735470717	5947_90_THPO_Tpo
PC24	0.00527064095060006	5947_90_THPO_Tpo
PC25	-0.000709245154873967	5947_90_THPO_Tpo
PC26	0.00556201650237933	5947_90_THPO_Tpo
PC27	-0.006697620627006	5947_90_THPO_Tpo
PC28	-0.00037280324825793	5947_90_THPO_Tpo
PC29	-0.00114710176470302	5947_90_THPO_Tpo
PC30	0.00226180192823765	5947_90_THPO_Tpo
PC31	0.00105191961775542	5947_90_THPO_Tpo
PC32	0.00227798055146559	5947_90_THPO_Tpo
PC33	-0.00103178628186465	5947_90_THPO_Tpo
PC34	0.000762527658433436	5947_90_THPO_Tpo
PC35	0.00162009706524866	5947_90_THPO_Tpo
PC36	-0.000550162098543072	5947_90_THPO_Tpo
PC37	0.0012887022934751	5947_90_THPO_Tpo
PC38	-0.000976965496078075	5947_90_THPO_Tpo
PC39	-1.03852618190989e-05	5947_90_THPO_Tpo
PC40	-0.000598981338538843	5947_90_THPO_Tpo
PC41	1.60149087692647e-16	5947_90_THPO_Tpo
PC1	-0.00136312466098081	5988_49_TNFSF14_LIGHT
PC2	0.0003282160865297	5988_49_TNFSF14_LIGHT
PC3	-0.000568434328862466	5988_49_TNFSF14_LIGHT
PC4	-0.00169804827897714	5988_49_TNFSF14_LIGHT
PC5	0.00215152369654161	5988_49_TNFSF14_LIGHT
PC6	-0.00299410864598025	5988_49_TNFSF14_LIGHT
PC7	-0.00358008514838705	5988_49_TNFSF14_LIGHT
PC8	-0.00197791309710828	5988_49_TNFSF14_LIGHT
PC9	0.00540535315589546	5988_49_TNFSF14_LIGHT
PC10	-0.00533176452973399	5988_49_TNFSF14_LIGHT
PC11	-0.00539995540781137	5988_49_TNFSF14_LIGHT
PC12	-0.00313633148053253	5988_49_TNFSF14_LIGHT
PC13	-0.000253653672975121	5988_49_TNFSF14_LIGHT
PC14	0.00359180850423821	5988_49_TNFSF14_LIGHT
PC15	0.00356376709213077	5988_49_TNFSF14_LIGHT
PC16	-0.00210028378070173	5988_49_TNFSF14_LIGHT
PC17	0.000925385798536355	5988_49_TNFSF14_LIGHT
PC18	-0.0031684332963893	5988_49_TNFSF14_LIGHT
PC19	-0.0035504660662641	5988_49_TNFSF14_LIGHT
PC20	-0.00161528203392937	5988_49_TNFSF14_LIGHT
PC21	-0.00536214924066611	5988_49_TNFSF14_LIGHT
PC22	-0.00113516575933292	5988_49_TNFSF14_LIGHT
PC23	-0.00115336034055752	5988_49_TNFSF14_LIGHT
PC24	0.00551085109562352	5988_49_TNFSF14_LIGHT
PC25	-0.00461537891677321	5988_49_TNFSF14_LIGHT
PC26	0.00272672376868052	5988_49_TNFSF14_LIGHT
PC27	-0.00366596268973402	5988_49_TNFSF14_LIGHT
PC28	-0.000685298650997632	5988_49_TNFSF14_LIGHT
PC29	-0.00150525476818164	5988_49_TNFSF14_LIGHT
PC30	-0.000624838705395406	5988_49_TNFSF14_LIGHT
PC31	0.00112957419737864	5988_49_TNFSF14_LIGHT
PC32	-0.00122584578863706	5988_49_TNFSF14_LIGHT
PC33	-0.00201074226162999	5988_49_TNFSF14_LIGHT
PC34	0.0004432728773826	5988_49_TNFSF14_LIGHT
PC35	-0.000498379935025071	5988_49_TNFSF14_LIGHT
PC36	0.00110236896063276	5988_49_TNFSF14_LIGHT
PC37	-0.000707099504976217	5988_49_TNFSF14_LIGHT
PC38	-0.00132977330336827	5988_49_TNFSF14_LIGHT
PC39	0.00088829980212526	5988_49_TNFSF14_LIGHT
PC40	-0.00202199275151507	5988_49_TNFSF14_LIGHT
PC41	1.92944639581547e-16	5988_49_TNFSF14_LIGHT
PC1	-0.0013372892487113	8059_1_THPO_Tpo
PC2	-0.00128938524412711	8059_1_THPO_Tpo
PC3	-0.00327279506301706	8059_1_THPO_Tpo
PC4	-0.0030585159674768	8059_1_THPO_Tpo
PC5	0.00300913239541424	8059_1_THPO_Tpo
PC6	-0.00209398752026287	8059_1_THPO_Tpo
PC7	-0.0049101878475837	8059_1_THPO_Tpo
PC8	-0.00167647618357761	8059_1_THPO_Tpo
PC9	0.00404774859260058	8059_1_THPO_Tpo
PC10	-0.00543139222390292	8059_1_THPO_Tpo
PC11	-0.00382540520856321	8059_1_THPO_Tpo
PC12	-0.00160729808594242	8059_1_THPO_Tpo
PC13	-0.000621415177824772	8059_1_THPO_Tpo
PC14	0.00502814965608345	8059_1_THPO_Tpo
PC15	0.00201545257787625	8059_1_THPO_Tpo
PC16	-0.00517381185365012	8059_1_THPO_Tpo
PC17	0.00134344204920189	8059_1_THPO_Tpo
PC18	0.00136142331699411	8059_1_THPO_Tpo
PC19	-0.00142233555609839	8059_1_THPO_Tpo
PC20	-0.00188833660683515	8059_1_THPO_Tpo
PC21	-0.0036993984913804	8059_1_THPO_Tpo
PC22	-0.00210877752971977	8059_1_THPO_Tpo
PC23	-0.000329174258981044	8059_1_THPO_Tpo
PC24	0.00620885844422174	8059_1_THPO_Tpo
PC25	-0.00258647189235013	8059_1_THPO_Tpo
PC26	0.00358618826632598	8059_1_THPO_Tpo
PC27	-0.00516510847270268	8059_1_THPO_Tpo
PC28	-0.00153872648025911	8059_1_THPO_Tpo
PC29	-0.0017061450693134	8059_1_THPO_Tpo
PC30	0.000444277456425365	8059_1_THPO_Tpo
PC31	-0.000307613943277234	8059_1_THPO_Tpo
PC32	-0.00160874757727441	8059_1_THPO_Tpo
PC33	-0.00120750105339751	8059_1_THPO_Tpo
PC34	-0.000244013371144284	8059_1_THPO_Tpo
PC35	0.000743659586024541	8059_1_THPO_Tpo
PC36	0.000439564583180454	8059_1_THPO_Tpo
PC37	-0.001196127050029	8059_1_THPO_Tpo
PC38	0.000907948617528387	8059_1_THPO_Tpo
PC39	0.00148122020540998	8059_1_THPO_Tpo
PC40	0.00180028852278312	8059_1_THPO_Tpo
PC41	1.53369214940767e-16	8059_1_THPO_Tpo
PC1	-0.00227214312368903	9188_119_CXCL9_MIG
PC2	0.0010145288761392	9188_119_CXCL9_MIG
PC3	0.000110129620107982	9188_119_CXCL9_MIG
PC4	-0.00286913754230613	9188_119_CXCL9_MIG
PC5	0.00393635709328481	9188_119_CXCL9_MIG
PC6	0.000747463632655609	9188_119_CXCL9_MIG
PC7	-0.00522112981694646	9188_119_CXCL9_MIG
PC8	-0.00141715451656065	9188_119_CXCL9_MIG
PC9	0.00493393143930758	9188_119_CXCL9_MIG
PC10	-6.71198156532763e-05	9188_119_CXCL9_MIG
PC11	-0.00351161699360445	9188_119_CXCL9_MIG
PC12	-8.95321142359516e-05	9188_119_CXCL9_MIG
PC13	0.00291003731528378	9188_119_CXCL9_MIG
PC14	-0.00218878763602521	9188_119_CXCL9_MIG
PC15	0.0016337062516998	9188_119_CXCL9_MIG
PC16	-0.0038504621687845	9188_119_CXCL9_MIG
PC17	-0.000401076298353349	9188_119_CXCL9_MIG
PC18	-0.000475753157932982	9188_119_CXCL9_MIG
PC19	-0.00217387901118825	9188_119_CXCL9_MIG
PC20	-0.0032542432012187	9188_119_CXCL9_MIG
PC21	0.00207955401331488	9188_119_CXCL9_MIG
PC22	0.0024945689705647	9188_119_CXCL9_MIG
PC23	-0.00215129906117226	9188_119_CXCL9_MIG
PC24	0.0043495922360503	9188_119_CXCL9_MIG
PC25	-0.00418393226724779	9188_119_CXCL9_MIG
PC26	0.00371957357530524	9188_119_CXCL9_MIG
PC27	-0.00291152983472667	9188_119_CXCL9_MIG
PC28	-0.00332072513856058	9188_119_CXCL9_MIG
PC29	-0.00181226284591714	9188_119_CXCL9_MIG
PC30	-0.00148235916204078	9188_119_CXCL9_MIG
PC31	0.000742260976197744	9188_119_CXCL9_MIG
PC32	-0.0010924173790363	9188_119_CXCL9_MIG
PC33	-7.29377370181423e-05	9188_119_CXCL9_MIG
PC34	0.00247322695133144	9188_119_CXCL9_MIG
PC35	0.00168198613174722	9188_119_CXCL9_MIG
PC36	0.002487661921931	9188_119_CXCL9_MIG
PC37	0.00178772930243041	9188_119_CXCL9_MIG
PC38	-0.00011061629711707	9188_119_CXCL9_MIG
PC39	0.000811179316486541	9188_119_CXCL9_MIG
PC40	0.000176289274388911	9188_119_CXCL9_MIG
PC41	1.03900361535607e-16	9188_119_CXCL9_MIG
