SeqId	FileName	Protein (short name)	Protein (full name)	Gene	Remark	"Included in analysis"	UniProt	Common_Name	Common_class	Common_Cytokine	Common_Chemokine	Organism	Type	Ensembl.Gene.ID	Entrez.Gene.ID	HGNC.ID	betaage	pvalage	betamale	pvalmale	meanLogvalue	R2PlateId	R2PlatePosition	R2Error	R2Subject
11071_1	11071_1_IL5_IL_5.txt.gz	IL-5	Interleukin-5	IL5	NA	Yes	P05113	IL-5	Interleukins	TRUE		human	Protein	ENSG00000113525	3567	HGNC:6016	0.0006012	6.6000000000000004E-9	-0.02058316	8.5E-9	5.619018	0.069	0.00188	0.042246165	0.887
11593_21	11593_21_CXCL9_MIG.txt.gz	MIG	C-X-C motif chemokine 9	CXCL9	NA	Yes	Q07325	CXCL9	CXC Chemokines		TRUE	human	Protein	ENSG00000138755	4283	HGNC:7098	0.000937788	1.01E-39	-0.00248676	0.31	6.064799	0.17	0.0256	0.12752182	0.677
13748_4	13748_4_CCL8_MCP_2.txt.gz	MCP-2	C-C motif chemokine 8	CCL8	NA	Yes	P80075	CCL8	CC Chemokines		TRUE	human	Protein	ENSG00000108700	6355	HGNC:10635	0.003880013	9.1199999999999997E-193	-0.01098416	1.4500000000000001E-2	5.971982	0.0581	0.0144	0.057498941	0.87
14061_48	14061_48_TNFSF11_sRANKL.txt.gz	sRANKL	Tumor necrosis factor ligand superfamily member 11	TNFSF11	NA	Yes	O14788	TRANCE	TNF	TRUE		human	Protein	ENSG00000120659	8600	HGNC:11926	0.001655365	6.59E-60	-0.01719307	8.4900000000000005E-7	7.011972	0.207	0.0171	0.158043342	0.618
14063_17	14063_17_OSM_OSM.txt.gz	OSM	Oncostatin-M	OSM	NA	Yes	P13725	OSM	Interleukins	TRUE		human	Protein	ENSG00000099985	5008	HGNC:8506	0.001051717	4.7999999999999999E-21	-0.01065891	5.6499999999999996E-3	6.512323	0.085	0.00229	0.053633787	0.859
14093_10	14093_10_FLT3LG_Flt3_ligand.txt.gz	Flt3 ligand	Fms-related tyrosine kinase 3 ligand	FLT3LG	NA	Yes	P49771	Flt-3L	Miscellaneous hematopoietins	TRUE		human	Protein	ENSG00000090554	2323	HGNC:3766	0.001764505	1.31E-82	-0.00517043	0.10100000000000001	7.117902	0.0991	0.00555	0.126823663	0.768
14127_240	14127_240_IFNB1_IFN_b.txt.gz	IFN-b	Interferon beta	IFNB1	NA	Yes	P01574	IFN-β	Interferons	TRUE		human	Protein	ENSG00000171855	3456	HGNC:5434	0.000868943	5.4100000000000002E-13	0.02329994	2.03E-8	6.51048	0.0439	0.0139	0.084906853	0.857
14128_121	14128_121_IFNA10_IFN10.txt.gz	IFN10	Interferon alpha-10	IFNA10	NA	Yes	P01566	IFN-α	Interferons	TRUE		human	Protein	ENSG00000186803	3446	HGNC:5418	0.000667671	5.1399999999999998E-10	0.00148111	0.68899999999999995	5.672098	0.0342	0.00802	0.082271003	0.876
14129_1	14129_1_IFNA7_IFNA7.txt.gz	IFNA7	Interferon alpha-7	IFNA7	NA	Yes	P01567	IFN-α	Interferons	TRUE		human	Protein	ENSG00000214042	NA	HGNC:5428	0.000747372	2.96E-11	-0.00518437	0.18099999999999999	5.925707	0.0904	0.00988	0.050959956	0.849
15346_31	15346_31_IFNG_IFN_g.txt.gz	IFN-g	Interferon gamma	IFNG	NA	Yes	P01579	IFN-γ	Interferons	TRUE		human	Protein	ENSG00000111537	3458	HGNC:5438	0.000431101	2.3000000000000001E-4	-0.01499101	2.04E-4	5.787263	0.212	0.0131	0.202481793	0.573
15404_3	15404_3_IFNA21_IFN21.txt.gz	IFN21	Interferon alpha-21	IFNA21	NA	Yes	P01568	IFN-α	Interferons	TRUE		human	Protein	ENSG00000137080	NA	HGNC:5424	0.000937901	6.9899999999999997E-8	-0.00908162	0.13	5.789926	0.125	0.0033	0.02742691	0.844
15405_23	15405_23_IFNA4_IFNA4.txt.gz	IFNA4	Interferon alpha-4	IFNA4	NA	Yes	P05014	IFN-α	Interferons	TRUE		human	Protein	ENSG00000236637	3441	HGNC:5425	0.001081781	1.6900000000000001E-26	-0.00680772	5.1799999999999999E-2	5.739499	0.198	0.00342	0.148041259	0.65
15617_8	15617_8_XCL2_lymphotactin_beta.txt.gz	lymphotactin beta	Cytokine SCM-1 beta	XCL2	NA	Yes	Q9UBD3	XCL2	C Chemokines		TRUE	human	Protein	ENSG00000143185	6846	HGNC:10646	0.001187002	5.5199999999999998E-40	0.02319521	6.1799999999999999E-14	7.701608	0.136	7.23e-16	0.145202744	0.719
15698_6	15698_6_TXLNA_TXLNA.txt.gz	TXLNA	Alpha-taxilin	TXLNA	NA	Yes	P40222	IL-14	Interleukins	TRUE		human	Protein	ENSG00000084652	200081	HGNC:30685	0.000268048	6.5500000000000003E-2	0.05620317	4.6900000000000001E-29	6.401436	0.0539	0	0.148056884	0.798
16765_52	16765_52_PPBP_PBP.txt.gz	PBP	Platelet basic protein	PPBP	NA	Yes	P02775	CXCL7	CXC Chemokines		TRUE	human	Protein	ENSG00000163736	5473	HGNC:9240	-9.1307e-05	0.42299999999999999	-0.03498689	5.4399999999999996E-19	9.491682	0.14	0.00738	0.085205043	0.767
17165_1	17165_1_PPBP_BTG.txt.gz	BTG	Beta-thromboglobulin	PPBP	NA	Yes	P02775	CXCL7	CXC Chemokines		TRUE	human	Protein	ENSG00000163736	5473	HGNC:9240	-0.000743063	2.5299999999999998E-5	-0.04501878	1.3899999999999999E-13	9.05952	0.167	0.0184	0.073652682	0.741
18289_16	18289_16_CCL15_MIP_5.txt.gz	MIP-5	C-C motif chemokine 15	CCL15	NA	Yes	Q16663	CCL15	CC Chemokines		TRUE	human	Protein	ENSG00000161574	6359	HGNC:10613	0.006378801	0	-0.0156883	1.05E-7	9.6932	0.083	1.06e-15	0.086088945	0.831
18389_11	18389_11_IFNA1_IFNA1.txt.gz	IFNA1	Interferon alpha-1/13	IFNA1	NA	Yes	P01562	IFN-α	Interferons	TRUE		human	Protein	ENSG00000233816	3447	HGNC:5417	0.000441666	1.93E-4	-0.00391078	0.33800000000000002	5.902516	0.146	0.00366	0.101136859	0.749
19568_17	19568_17_IL15_IL_15.txt.gz	IL-15	Interleukin-15	IL15	NA	Yes	P40933	IL-15	Interleukins	TRUE		human	Protein	ENSG00000164136	3600	HGNC:5977	0.001039173	2.1299999999999998E-18	0.03947289	5.6399999999999996E-22	7.418568	0.114	7.37e-16	0.091111818	0.795
2192_63	2192_63_CCL27_CTACK.txt.gz	CTACK	C-C motif chemokine 27	CCL27	NA	Yes	Q9Y4X3	CCL27	CC Chemokines		TRUE	human	Protein	ENSG00000213927	10850	HGNC:10626	0.000412766	3.1600000000000002E-5	0.01438598	2.5999999999999998E-5	6.504084	0.131	0.00413	0.093917577	0.771
2333_72	2333_72_TGFB1_TGF_b1.txt.gz	TGF-b1	Transforming growth factor beta-1	TGFB1	NA	Yes	P01137	TGF-β1	TNF	TRUE		human	Protein	ENSG00000105329	7040	HGNC:11766	0.001469221	8.3200000000000004E-37	-0.00953618	1.7000000000000001E-2	7.10241	0.214	0.00637	0.143832997	0.636
2468_62	2468_62_CCL20_MIP_3a.txt.gz	MIP-3a	C-C motif chemokine 20	CCL20	NA	Yes	P78556	CCL20	CC Chemokines		TRUE	human	Protein	ENSG00000115009	6364	HGNC:10619	0.000397734	2.6800000000000001E-4	-0.00966133	1.03E-2	5.032322	0.0495	0.00655	0.055478526	0.888
2516_57	2516_57_CCL21_6Ckine.txt.gz	6Ckine	C-C motif chemokine 21	CCL21	NA	Yes	O00585	CCL21	CC Chemokines		TRUE	human	Protein	ENSG00000137077	6366	HGNC:10620	-0.00195219	4.7500000000000002E-108	0.06962868	2.2799999999999999E-115	8.383036	0.0402	0	0.073543505	0.886
2578_67	2578_67_CCL2_MCP_1.txt.gz	MCP-1	C-C motif chemokine 2	CCL2	NA	Yes	P13500	CCL2	CC Chemokines		TRUE	human	Protein	ENSG00000108691	6347	HGNC:10618	0.002409349	6.4200000000000002E-102	-0.00094168	0.80800000000000005	5.901162	0.0533	0.0123	0.047886234	0.887
2599_51	2599_51_TNFSF9_4_1BB_ligand.txt.gz	4-1BB ligand	Tumor necrosis factor ligand superfamily member 9	TNFSF9	NA	Yes	P41273	4-1BBL	TNF	TRUE		human	Protein	ENSG00000125657	8744	HGNC:11939	-0.000107061	0.33800000000000002	-0.01288548	8.1999999999999998E-4	5.773713	0.106	0.00439	0.070503571	0.819
2693_20	2693_20_OSM_OSM.txt.gz	OSM	Oncostatin-M	OSM	NA	Yes	P13725	OSM	Interleukins	TRUE		human	Protein	ENSG00000099985	5008	HGNC:8506	0.002877601	8.3899999999999992E-56	-0.05403125	9.7200000000000007E-18	8.055725	0.17	0.0424	0.271164106	0.517
2697_7	2697_7_PF4_PF_4.txt.gz	PF-4	Platelet factor 4	PF4	NA	Yes	P02776	CXCL4	CXC Chemokines		TRUE	human	Protein	ENSG00000163737	5196	HGNC:8861	-0.00014225	0.22800000000000001	-0.02519094	6.3299999999999999E-10	10.475522	0.181	0.0094	0.064924792	0.745
2705_5	2705_5_CCL25_TECK.txt.gz	TECK	C-C motif chemokine 25	CCL25	NA	Yes	O15444	CCL25	CC Chemokines		TRUE	human	Protein	ENSG00000131142	6370	HGNC:10624	0.003660764	1.78E-136	0.07590674	8.9700000000000003E-51	7.372192	0.0222	0	0.036167319	0.942
2708_54	2708_54_TNFSF18_TNFSF18.txt.gz	TNFSF18	Tumor necrosis factor ligand superfamily member 18	TNFSF18	NA	Yes	Q9UNG2	GITRL	TNF	TRUE		human	Protein	ENSG00000120337	8995	HGNC:11932	0.001559919	7.5899999999999997E-74	-0.02255695	2.26E-14	7.071416	0.245	0.0102	0.229060198	0.515
2770_51	2770_51_CCL1_I_309.txt.gz	I-309	C-C motif chemokine 1	CCL1	NA	Yes	P22362	CCL1	CC Chemokines		TRUE	human	Protein	ENSG00000108702	6346	HGNC:10609	0.003018834	1.2300000000000001E-70	-0.0449113	1.62E-14	8.338362	0.207	0.039	0.288850566	0.465
2773_50	2773_50_IL10_IL_10.txt.gz	IL-10	Interleukin-10	IL10	NA	Yes	P22301	IL-10	Interleukins	TRUE		human	Protein	ENSG00000136634	3586	HGNC:5962	-0.00035114	1.58E-3	-0.01269308	9.2699999999999998E-4	5.305282	0.159	0.00223	0.069314401	0.769
2774_10	2774_10_IL16_IL_16.txt.gz	IL-16	Interleukin-16	IL16	NA	Yes	Q14005	IL-16	Interleukins	TRUE		human	Protein	ENSG00000172349	3603	HGNC:5980	0.004168779	0	0.03539315	2.3899999999999998E-24	10.091226	0.0513	0.00822	0.117444304	0.823
2790_54	2790_54_PPBP_NAP_2.txt.gz	NAP-2	Neutrophil-activating peptide 2	PPBP	NA	Yes	P02775	CXCL7	CXC Chemokines		TRUE	human	Protein	ENSG00000163736	5473	HGNC:9240	-0.000670756	2.34E-4	-0.05052761	9.4900000000000004E-16	9.20207	0.166	0.00562	0.069766499	0.759
2827_23	2827_23_CX3CL1_Fractalkine_CX3CL_1.txt.gz	Fractalkine/CX3CL-1	Fractalkine	CX3CL1	NA	Yes	P78423	CX3CL1	CX3C Chemokines		TRUE	human	Protein	ENSG00000006210	6376	HGNC:10647	0.0034491	7.9399999999999994E-132	-0.05671801	1.5600000000000001E-31	7.893904	0.236	0.0271	0.3444207	0.392
2839_2	2839_2_TNFSF4_OX40_Ligand.txt.gz	OX40 Ligand	Tumor necrosis factor ligand superfamily member 4	TNFSF4	NA	Yes	P23510	OX40L	TNF	TRUE		human	Protein	ENSG00000117586	7292	HGNC:11934	0.000906743	8.8900000000000002E-20	9.704e-05	0.97699999999999998	5.631954	0.0379	0.00745	0.044113875	0.91
2900_53	2900_53_CCL14_HCC_1.txt.gz	HCC-1	C-C motif chemokine 14	CCL14	NA	Yes	Q16627	CCL14	CC Chemokines		TRUE	human	Protein	ENSG00000213494	6358	HGNC:10612	0.008689038	0	-0.1076272	3.93E-141	8.640328	0.165	0.00291	0.112430794	0.72
2906_55	2906_55_IL4_IL_4.txt.gz	IL-4	Interleukin-4	IL4	NA	Yes	P05112	IL-4	Interleukins	TRUE		human	Protein	ENSG00000113520	3565	HGNC:6014	0.000446568	2.08E-6	-7.81e-06	0.998	6.391887	0.195	0	0.120693195	0.684
2913_1	2913_1_CCL23_MPIF_1.txt.gz	MPIF-1	C-C motif chemokine 23	CCL23	NA	Yes	P55773	CCL23	CC Chemokines		TRUE	human	Protein	ENSG00000167236	6368	HGNC:10622	0.004398393	0	0.00144197	0.62	7.278118	0.119	0	0.084135775	0.797
2979_8	2979_8_CXCL5_ENA_78.txt.gz	ENA-78	C-X-C motif chemokine 5	CXCL5	NA	Yes	P42830	CXCL5	CXC Chemokines		TRUE	human	Protein	ENSG00000163735	6374	HGNC:10642	0.001084675	4.4099999999999996E-24	-0.03806307	7.15E-25	6.510968	0.21	0.00443	0.143529559	0.642
2985_35	2985_35_CXCL1_Gro_a.txt.gz	Gro-a	Growth-regulated alpha protein	CXCL1	NA	Yes	P09341	CXCL1	CXC Chemokines		TRUE	human	Protein	ENSG00000163739	2919	HGNC:4602	0.000940193	1.4E-8	-0.02819354	8.1100000000000005E-7	8.089852	0.104	8.2e-16	0.061775706	0.834
3028_36	3028_36_CCL23_Ck_b_8_1.txt.gz	Ck-b-8-1	Ck-beta-8-1	CCL23	NA	Yes	P55773	CCL23	CC Chemokines		TRUE	human	Protein	ENSG00000167236	6368	HGNC:10622	0.003986031	0	0.00116822	0.67600000000000005	10.505147	0.0755	0.00375	0.073501014	0.847
3037_62	3037_62_IL1B_IL_1b.txt.gz	IL-1b	Interleukin-1 beta	IL1B	NA	Yes	P01584	IL-1β	Interleukins	TRUE		human	Protein	ENSG00000125538	3553	HGNC:5992	0.000569397	3.6599999999999997E-8	-0.04113477	9.6800000000000006E-31	7.15746	0.0673	0.0321	0.113951681	0.787
3038_9	3038_9_CXCL11_I_TAC.txt.gz	I-TAC	C-X-C motif chemokine 11	CXCL11	NA	Yes	O14625	CXCL11	CXC Chemokines		TRUE	human	Protein	ENSG00000169248	6373	HGNC:10638	0.006306499	9.2400000000000007E-261	-0.1758547	4.5800000000000003E-172	8.060902	0.0129	0	0.043184751	0.944
3040_59	3040_59_CCL3_MIP_1a.txt.gz	MIP-1a	C-C motif chemokine 3	CCL3	NA	Yes	P10147	CCL3	CC Chemokines		TRUE	human	Protein	ENSG00000006075	6348	HGNC:10627	0.004682003	0	0.0194997	1.5099999999999999E-6	6.414983	0.12	0.00296	0.086054931	0.791
3044_3	3044_3_CCL18_PARC.txt.gz	PARC	C-C motif chemokine 18	CCL18	NA	Yes	P55774	CCL18	CC Chemokines		TRUE	human	Protein	ENSG00000006074	6362	HGNC:10616	0.009560694	0	0.08156434	8.1900000000000005E-119	10.981327	0.0186	0.00686	0.0492593	0.925
3052_8	3052_8_FASLG_Fas_ligand__soluble.txt.gz	Fas ligand, soluble	Tumor necrosis factor ligand superfamily member 6, soluble form	FASLG	NA	Yes	P48023	CD178	TNF	TRUE		human	Protein	ENSG00000117560	356	HGNC:11936	-0.002122067	4.2399999999999999E-73	-0.01038818	1.01E-2	6.786049	0	0.00595	0.161789811	0.832
3059_50	3059_50_TNFSF13B_BAFF.txt.gz	BAFF	Tumor necrosis factor ligand superfamily member 13B	TNFSF13B	NA	Yes	Q9Y275	TALL-1	TNF	TRUE		human	Protein	ENSG00000102524	10673	HGNC:11929	0.001413137	4.3699999999999998E-76	-0.02512449	1.56E-21	7.179232	0.0779	0.0531	0.196956349	0.672
3070_1	3070_1_IL2_IL_2.txt.gz	IL-2	Interleukin-2	IL2	NA	Yes	P60568	IL-2	Interleukins	TRUE		human	Protein	ENSG00000109471	3558	HGNC:6001	0.001683306	1.1099999999999999E-107	-0.01363927	2.0599999999999999E-7	7.653649	0.0189	0.00869	0.230540104	0.742
3072_4	3072_4_IL13_IL_13.txt.gz	IL-13	Interleukin-13	IL13	NA	Yes	P35225	IL-13	Interleukins	TRUE		human	Protein	ENSG00000169194	3596	HGNC:5973	0.000870018	1.2600000000000001E-17	-0.01979751	1.6899999999999999E-8	6.83952	0.219	0.00442	0.170842116	0.606
3421_54	3421_54_TNFSF8_CD30_Ligand.txt.gz	CD30 Ligand	Tumor necrosis factor ligand superfamily member 8	TNFSF8	NA	Yes	P32971	CD153	TNF	TRUE		human	Protein	ENSG00000106952	944	HGNC:11938	0.001656759	5.04E-84	-0.01055383	3.2400000000000001E-4	7.925339	0.22	0.0106	0.185825221	0.584
3447_64	3447_64_CXCL8_IL_8.txt.gz	IL-8	Interleukin-8	CXCL8	NA	Yes	P10145	CXCL8	CXC Chemokines		TRUE	human	Protein	ENSG00000169429	3576	HGNC:6025	0.004785971	0	-0.01242788	1.8E-3	6.933612	0.198	5.86e-16	0.098280059	0.704
3487_32	3487_32_CXCL13_BLC.txt.gz	BLC	C-X-C motif chemokine 13	CXCL13	NA	Yes	O43927	CXCL13	CXC Chemokines		TRUE	human	Protein	ENSG00000156234	10563	HGNC:10639	0.001554071	2.8800000000000003E-35	-0.05681033	2.1300000000000002E-39	6.480021	0.0927	0	0.086583438	0.821
3495_15	3495_15_CXCL6_GCP_2.txt.gz	GCP-2	C-X-C motif chemokine 6	CXCL6	NA	Yes	P80162	CXCL6	CXC Chemokines		TRUE	human	Protein	ENSG00000124875	6372	HGNC:10643	0.000415553	1.67E-2	0.00387476	0.51800000000000002	8.204263	0.0354	0.00323	0.055959173	0.905
3497_13	3497_13_IFNA2_IFN_aA.txt.gz	IFN-aA	Interferon alpha-2	IFNA2	NA	Yes	P01563	IFN-α	Interferons	TRUE		human	Protein	ENSG00000188379	3440	HGNC:5423	0.000973372	2.32E-31	-0.01771576	7.6900000000000003E-10	4.427786	0.194	0.0187	0.205344434	0.582
3508_78	3508_78_CCL22_MDC.txt.gz	MDC	C-C motif chemokine 22	CCL22	NA	Yes	O00626	CCL22	CC Chemokines		TRUE	human	Protein	ENSG00000102962	6367	HGNC:10621	-0.000144028	0.186	-0.1122189	3.1600000000000001E-194	9.825756	0.0627	0.026	0.079515952	0.832
3516_60	3516_60_CXCL12_SDF_1.txt.gz	SDF-1	Stromal cell-derived factor 1	CXCL12	NA	Yes	P48061	CXCL12	CXC Chemokines		TRUE	human	Protein	ENSG00000107562	6387	HGNC:10672	0.001894143	1.9300000000000001E-135	-0.04187188	5.1999999999999997E-57	10.582042	0.0965	0.0309	0.129569442	0.743
3519_3	3519_3_CCL17_TARC.txt.gz	TARC	C-C motif chemokine 17	CCL17	NA	Yes	Q92583	CCL17	CC Chemokines		TRUE	human	Protein	ENSG00000102970	6361	HGNC:10615	0.004078268	2.9299999999999999E-113	0.02667862	1.6799999999999998E-5	6.727463	0.0426	0.00408	0.057210946	0.896
3520_58	3520_58_TGFB3_TGF_b3.txt.gz	TGF-b3	Transforming growth factor beta-3	TGFB3	NA	Yes	P10600	TGF-β3	TNF	TRUE		human	Protein	ENSG00000119699	7043	HGNC:11769	0.001924494	1.0800000000000001E-118	-0.00949367	8.8699999999999998E-4	5.458134	0.121	0.0135	0.103701816	0.762
3534_14	3534_14_CD40LG_CD40_ligand__soluble.txt.gz	CD40 ligand, soluble	CD40 ligand	CD40LG	NA	Yes	P29965	CD154	TNF	TRUE		human	Protein	ENSG00000102245	959	HGNC:11935	-9.6536e-05	0.50800000000000001	0.02991529	2.69E-9	5.847975	0.0561	0.0031	0.048991453	0.892
3738_54	3738_54_CSF1_CSF_1.txt.gz	CSF-1	Macrophage colony-stimulating factor 1	CSF1	NA	Yes	P09603	M-CSF	Miscellaneous hematopoietins	TRUE		human	Protein	ENSG00000184371	1435	HGNC:2432	0.002241164	2.0500000000000001E-131	-0.00436323	0.16700000000000001	7.65783	0.244	1.58e-15	0.126105186	0.63
4128_27	4128_27_CCL24_Eotaxin_2.txt.gz	Eotaxin-2	C-C motif chemokine 24	CCL24	NA	Yes	O00175	CCL24	CC Chemokines		TRUE	human	Protein	ENSG00000106178	6369	HGNC:10623	0.00110645	6.9299999999999997E-25	-0.02840102	1.7299999999999999E-14	6.202841	0.107	0.00377	0.092709237	0.797
4138_25	4138_25_IL20_IL_20.txt.gz	IL-20	Interleukin-20	IL20	NA	Yes	Q9NYY1	IL-20	Interleukins	TRUE		human	Protein	ENSG00000162891	50604	HGNC:6002	-0.000596754	4.0000000000000001E-8	-0.00722032	5.3999999999999999E-2	5.691049	0.0945	0	0.110219466	0.795
4140_3	4140_3_IL7_IL_7.txt.gz	IL-7	Interleukin-7	IL7	NA	Yes	P13232	IL-7	Interleukins	TRUE		human	Protein	ENSG00000104432	3574	HGNC:6023	0.000329991	6.3699999999999998E-4	-0.0208549	3.9299999999999999E-10	5.300451	0.114	0.00756	0.053994195	0.825
4141_79	4141_79_CXCL10_IP_10.txt.gz	IP-10	C-X-C motif chemokine 10	CXCL10	NA	Yes	P02778	CXCL10	CXC Chemokines		TRUE	human	Protein	ENSG00000169245	3627	HGNC:10637	0.008158327	0	-0.04937589	5.55E-34	6.875084	0.0332	0.00189	0.046584695	0.918
4143_74	4143_74_XCL1_Lymphotactin.txt.gz	Lymphotactin	Lymphotactin	XCL1	NA	Yes	P47992	XCL1	C Chemokines		TRUE	human	Protein	ENSG00000143184	6375	HGNC:10645	0.001347571	1.9499999999999999E-47	-0.01800272	2.0199999999999999E-8	6.220963	0.127	3.36e-14	0.108772267	0.764
4144_13	4144_13_CCL13_MCP_4.txt.gz	MCP-4	C-C motif chemokine 13	CCL13	NA	Yes	Q99616	CCL13	CC Chemokines		TRUE	human	Protein	ENSG00000181374	6357	HGNC:10611	0.001091773	1.0100000000000001E-24	-0.01017497	5.5100000000000001E-3	5.538943	0.0612	0.00193	0.0654146	0.871
4156_74	4156_74_TGFB2_TGF_b2.txt.gz	TGF-b2	Transforming growth factor beta-2	TGFB2	NA	Yes	P61812	TGF-β2	TNF	TRUE		human	Protein	ENSG00000092969	7042	HGNC:11768	0.001131048	6.2900000000000006E-26	-0.0364524	7.5199999999999999E-23	5.572989	0.0699	0.00517	0.05198635	0.873
4407_10	4407_10_MST1_MSP.txt.gz	MSP	Hepatocyte growth factor-like protein	MST1	NA	Yes	P26927	MSP	Miscellaneous hematopoietins	TRUE		human	Protein	ENSG00000173531	4485	HGNC:7380	-0.000909412	9.1000000000000003E-5	0.01168441	0.14499999999999999	9.07424	0.00699	0.00131	0.079492587	0.912
4493_92	4493_92_IL11_IL_11.txt.gz	IL-11	Interleukin-11	IL11	NA	Yes	P20809	IL-11	Interleukins	TRUE		human	Protein	ENSG00000095752	3589	HGNC:5966	0.000309984	2.2000000000000001E-3	0.00254362	0.46600000000000003	5.863487	0.113	0	0.080709136	0.806
4544_4	4544_4_PPBP_CTAP_III.txt.gz	CTAP-III	Connective tissue-activating peptide III	PPBP	NA	Yes	P02775	CXCL7	CXC Chemokines		TRUE	human	Protein	ENSG00000163736	5473	HGNC:9240	-0.000696011	4.5300000000000003E-5	-0.0454381	1.1799999999999999E-14	10.485067	0.17	0.00482	0.062148685	0.763
4673_13	4673_13_IL6_IL_6.txt.gz	IL-6	Interleukin-6	IL6	NA	Yes	P05231	IL-6	Interleukins	TRUE		human	Protein	ENSG00000136244	3569	HGNC:6018	0.000637034	4.9899999999999997E-6	0.00496458	0.30199999999999999	5.870124	0.0631	0	0.106248441	0.831
4697_59	4697_59_CSF2_GM_CSF.txt.gz	GM-CSF	Granulocyte-macrophage colony-stimulating factor	CSF2	NA	Yes	P04141	GM-CSF	Interleukins	TRUE		human	Protein	ENSG00000164400	1437	HGNC:2434	2.3805e-05	0.875	0.02506025	1.44E-6	5.6168	0.0124	0.00654	0.044219632	0.937
4703_87	4703_87_LTA_TNF_b.txt.gz	TNF-b	Lymphotoxin-alpha	LTA	NA	Yes	P01374	TNF-β	TNF	TRUE		human	Protein	ENSG00000226979	4049	HGNC:6709	0.000900149	6.1400000000000002E-24	-0.02799749	9.0300000000000001E-20	6.674638	0.224	0.00315	0.130649207	0.642
4717_55	4717_55_IL3_IL_3.txt.gz	IL-3	Interleukin-3	IL3	NA	Yes	P08700	IL-3	Interleukins	TRUE		human	Protein	ENSG00000164399	3562	HGNC:6011	0.000282161	1.1599999999999999E-2	0.01714243	8.7099999999999996E-6	6.916233	0.0916	1.57e-15	0.213936602	0.695
4840_73	4840_73_CSF3_G_CSF.txt.gz	G-CSF	Granulocyte colony-stimulating factor	CSF3	NA	Yes	P09919	G-CSF	Interleukins	TRUE		human	Protein	ENSG00000108342	1440	HGNC:2438	0.000337712	1.7100000000000001E-2	-0.01866803	1.3300000000000001E-4	7.038849	0.0361	0.0338	0.078976603	0.851
4851_25	4851_25_IL1A_IL_1a.txt.gz	IL-1a	Interleukin-1 alpha	IL1A	NA	Yes	P01583	IL-1α	Interleukins	TRUE		human	Protein	ENSG00000115008	3552	HGNC:5991	0.000319808	1.24E-2	-0.00421979	0.33900000000000002	6.603792	0.104	0.00595	0.066247377	0.824
4886_3	4886_3_CCL7_MCP_3.txt.gz	MCP-3	C-C motif chemokine 7	CCL7	NA	Yes	P80098	CCL7	CC Chemokines		TRUE	human	Protein	ENSG00000108688	6354	HGNC:10634	0.003360235	2.57E-256	-0.00887704	8.3099999999999997E-3	6.564274	0.108	0.00746	0.077164419	0.807
4913_78	4913_78_CCL16_HCC_4.txt.gz	HCC-4	C-C motif chemokine 16	CCL16	NA	Yes	O15467	CCL16	CC Chemokines		TRUE	human	Protein	ENSG00000161573	6360	HGNC:10614	0.006710957	0	0.1220936	1.2999999999999999E-226	9.735408	0.0191	0	0.057215298	0.924
4922_13	4922_13_CCL19_MIP_3b.txt.gz	MIP-3b	C-C motif chemokine 19	CCL19	NA	Yes	Q99731	CCL19	CC Chemokines		TRUE	human	Protein	ENSG00000172724	6363	HGNC:10617	0.002696452	7.8400000000000005E-99	-0.0523363	1.22E-32	6.213607	0.0708	0.00446	0.049968552	0.875
5301_7	5301_7_CCL11_Eotaxin.txt.gz	Eotaxin	Eotaxin	CCL11	NA	Yes	P51671	CCL11	CC Chemokines		TRUE	human	Protein	ENSG00000172156	6356	HGNC:10610	0.008957821	0	0.0901141	7.4000000000000004E-132	9.313643	0.0814	0.00202	0.049292903	0.867
5353_89	5353_89_IL1RN_IL_1Ra.txt.gz	IL-1Ra	Interleukin-1 receptor antagonist protein	IL1RN	NA	Yes	P18510	IL-1RA	Interleukins	TRUE		human	Protein	ENSG00000136689	3557	HGNC:6000	0.002303694	4.3899999999999998E-94	-0.04135777	7.1800000000000006E-27	7.766467	0.0392	0.00451	0.07478292	0.882
5355_69	5355_69_TNFSF14_LIGHT.txt.gz	LIGHT	Tumor necrosis factor ligand superfamily member 14	TNFSF14	NA	Yes	O43557	LIGHT	TNF	TRUE		human	Protein	ENSG00000125735	8740	HGNC:11930	0.000760448	4.0599999999999996E-9	-0.02195538	8.4799999999999997E-7	6.526738	0.237	0	0.109293771	0.653
5480_49	5480_49_CCL5_RANTES.txt.gz	RANTES	C-C motif chemokine 5	CCL5	NA	Yes	P13501	CCL5	CC Chemokines		TRUE	human	Protein	ENSG00000161570	6352	HGNC:10632	-0.001124263	2.9600000000000001E-9	-0.05737609	1.66E-18	10.574599	0.0501	0.0121	0.061339093	0.876
5661_15	5661_15_IL18_IL_18.txt.gz	IL-18	Interleukin-18	IL18	NA	Yes	Q14116	IL-18	Interleukins	TRUE		human	Protein	ENSG00000150782	3606	HGNC:5986	0.00619605	4.4100000000000004E-224	0.06887189	3.7899999999999998E-25	7.222315	0.0995	0	0.04296685	0.858
5714_88	5714_88_IFNA6_IFNA6.txt.gz	IFNA6	Interferon alpha-6	IFNA6	NA	Yes	P05013	IFN-α	Interferons	TRUE		human	Protein	ENSG00000120235	3443	HGNC:5427	0.000736634	2.1199999999999999E-12	-0.0182757	4.3000000000000001E-7	6.007405	0.155	0	0.102158208	0.743
5730_60	5730_60_CXCL14_BRAK.txt.gz	BRAK	C-X-C motif chemokine 14	CXCL14	NA	Yes	O95715	CXCL14	CXC Chemokines		TRUE	human	Protein	ENSG00000145824	9547	HGNC:10640	0.001468713	2.06E-32	0.03601944	3.39E-17	6.941203	0.0539	0.00393	0.096313307	0.846
5807_77	5807_77_CD70_CD70.txt.gz	CD70	CD70 antigen	CD70	NA	Yes	P32970	CD70	TNF	TRUE		human	Protein	ENSG00000125726	970	HGNC:11937	0.00115326	7.9099999999999999E-33	-0.01830404	3.8899999999999998E-8	6.043982	0.206	0.00208	0.165998852	0.626
5813_58	5813_58_EPO_Epo.txt.gz	Epo	Erythropoietin	EPO	NA	Yes	P01588	Epo	Miscellaneous hematopoietins	TRUE		human	Protein	ENSG00000130427	2056	HGNC:3415	0.00257795	2.4199999999999999E-152	-0.04266218	1.01E-36	6.53363	0.0509	0.00773	0.043588543	0.898
5834_18	5834_18_IL9_IL_9.txt.gz	IL-9	Interleukin-9	IL9	NA	Yes	P15248	IL-9	Interleukins	TRUE		human	Protein	ENSG00000145839	3578	HGNC:6029	0.002342798	2.37E-126	0.01691587	5.0800000000000005E-7	5.57979	0.128	0.0182	0.106778876	0.747
5936_53	5936_53_TNF_TNF_a.txt.gz	TNF-a	Tumor necrosis factor	TNF	NA	Yes	P01375	TNF-α	TNF	TRUE		human	Protein	ENSG00000232810	7124	HGNC:11892	0.001606669	7.0300000000000001E-84	-0.01037155	2.72E-4	6.177276	0.15	0.00962	0.125537408	0.714
5939_42	5939_42_TNFSF12_TWEAK.txt.gz	TWEAK	Tumor necrosis factor ligand superfamily member 12	TNFSF12	NA	Yes	O43508	TWEAK	TNF	TRUE		human	Protein	ENSG00000239697	8742	HGNC:11927	-0.00042751	1.9E-6	-0.0346179	5.2699999999999996E-29	6.95311	0.118	0.0125	0.108909938	0.761
5947_90	5947_90_THPO_Tpo.txt.gz	Tpo	Thrombopoietin	THPO	NA	Yes	P40225	Tpo	Miscellaneous hematopoietins	TRUE		human	Protein	ENSG00000090534	7066	HGNC:11795	0.002205936	1.9100000000000002E-74	-0.02393391	8.7399999999999992E-9	5.657398	0.146	0.00948	0.110408609	0.734
5988_49	5988_49_TNFSF14_LIGHT.txt.gz	LIGHT	Tumor necrosis factor ligand superfamily member 14	TNFSF14	NA	Yes	O43557	LIGHT	TNF	TRUE		human	Protein	ENSG00000125735	8740	HGNC:11930	0.000710475	8.7999999999999996E-10	-0.02556368	1.6100000000000001E-10	6.762418	0.208	0.0118	0.236938747	0.544
6210_100	6210_100_IFNA5_IFNA5.txt.gz	IFNA5	Interferon alpha-5	IFNA5	NA	Yes	P01569	IFN-α	Interferons	TRUE		human	Protein	ENSG00000147873	3442	HGNC:5426	0.001558545	1.28E-50	-0.02975346	1.1300000000000001E-16	6.435024	0.189	0.000186	0.161159497	0.65
6214_84	6214_84_IFNA8_IFNA8.txt.gz	IFNA8	Interferon alpha-8	IFNA8	NA	Yes	P32881	IFN-α	Interferons	TRUE		human	Protein	ENSG00000120242	3445	HGNC:5429	2.943e-05	0.81100000000000005	-0.01653215	9.8400000000000007E-5	5.983493	0.112	0.0182	0.080473472	0.789
6421_52	6421_52_IFNA16_IFN16.txt.gz	IFN16	Interferon alpha-16	IFNA16	NA	Yes	P05015	IFN-α	Interferons	TRUE		human	Protein	ENSG00000147885	3449	HGNC:5421	-0.000188925	0.12	-0.00765137	6.8199999999999997E-2	6.258103	0.211	0.00512	0.09895775	0.685
7180_114	7180_114_IFNA14_IFN14.txt.gz	IFN14	Interferon alpha-14	IFNA14	NA	Yes	P01570	IFN-α	Interferons	TRUE		human	Protein	ENSG00000228083	3448	HGNC:5420	0.000610362	3.9700000000000002E-12	7.318e-05	0.98099999999999998	6.356159	0.169	0	0.151140492	0.679
7790_21	7790_21_LIF_LIF.txt.gz	LIF	Leukemia inhibitory factor	LIF	NA	Yes	P15018	LIF	Interleukins	TRUE		human	Protein	ENSG00000128342	3976	HGNC:6596	0.000956065	2.7399999999999999E-31	-0.00972736	5.9299999999999999E-4	6.103774	0.181	0.0211	0.112966295	0.685
8059_1	8059_1_THPO_Tpo.txt.gz	Tpo	Thrombopoietin	THPO	NA	Yes	P40225	Tpo	Miscellaneous hematopoietins	TRUE		human	Protein	ENSG00000090534	7066	HGNC:11795	0.001011426	8.2599999999999994E-24	-0.03489224	8.0499999999999996E-24	6.760144	0.219	0.0128	0.168252815	0.6
8833_20	8833_20_TNFSF10_TRAIL.txt.gz	TRAIL	Tumor necrosis factor ligand superfamily member 10	TNFSF10	NA	Yes	P50591	TRAIL	TNF	TRUE		human	Protein	ENSG00000121858	8743	HGNC:11925	0.001244938	7.8600000000000004E-34	-0.01207086	6.4599999999999998E-4	6.193116	0.179	0.00128	0.113416918	0.707
9168_31	9168_31_CCL26_Eotaxin_3.txt.gz	Eotaxin-3	C-C motif chemokine 26	CCL26	NA	Yes	Q9Y258	CCL26	CC Chemokines		TRUE	human	Protein	ENSG00000006606	10344	HGNC:10625	0.001545126	8.9599999999999995E-45	-0.00169061	0.65600000000000003	6.461104	0.194	0	0.159825171	0.646
9170_24	9170_24_IL17A_IL_17.txt.gz	IL-17	Interleukin-17A	IL17A	NA	Yes	Q16552	IL-17	Interleukins	TRUE		human	Protein	ENSG00000112115	3605	HGNC:5981	0.000906271	8.1499999999999997E-21	-0.00987592	3.0899999999999999E-3	5.880163	0.15	6.9e-16	0.116065382	0.734
9188_119	9188_119_CXCL9_MIG.txt.gz	MIG	C-X-C motif chemokine 9	CXCL9	NA	Yes	Q07325	CXCL9	CXC Chemokines		TRUE	human	Protein	ENSG00000138755	4283	HGNC:7098	0.009027861	0	-0.03454586	1.85E-16	6.171222	0.0413	0.00212	0.042155747	0.914
9377_25	9377_25_KITLG_SCF.txt.gz	SCF	Kit ligand	KITLG	NA	Yes	P21583	SCF	Miscellaneous hematopoietins	TRUE		human	Protein	ENSG00000049130	4254	HGNC:6343	0.003061254	0	0.04775462	5.5300000000000001E-69	8.057973	0.0987	0.0255	0.168015744	0.708
